SID,Collection_Date,Taxon_name,Rel_Abund
14209,2006/07/26,Salmo trutta,8
14209,2006/07/26,Salvelinus fontinalis,12
14209,2011/06/16,Lepomis macrochirus,0.740740741
14209,2011/06/16,Salmo trutta,0.740740741
14209,2014/06/08,Salmo trutta,3.067484663
14209,2016/07/20,Lepomis macrochirus,2.4
14209,2016/07/20,Salmo trutta,17.6
14209,2016/07/20,Salvelinus fontinalis,0.8
14212,2014/07/16,Anguilla rostrata,4.6875
14212,2014/07/16,Lepomis macrochirus,10.9375
14212,2014/07/16,Salmo trutta,32.8125
14212,2014/07/16,Salvelinus fontinalis,4.6875
14212,2016/08/26,Lepomis macrochirus,1.5625
14212,2016/08/26,Salmo trutta,35.9375
14212,2016/08/26,Salvelinus fontinalis,17.1875
14227,1991/09/17,Salvelinus fontinalis,72
14227,2011/06/24,Lepomis macrochirus,2.666666667
14227,2011/06/24,Salvelinus fontinalis,5.333333333
14263,2001/07/18,Salvelinus fontinalis,1.369863014
14263,2007/07/02,Etheostoma olmstedi,4
14263,2007/07/02,Salmo trutta,112
14263,2007/07/02,Salvelinus fontinalis,22
14263,2007/07/02,Semotilus corporalis,2
14263,2012/06/29,Ameiurus nebulosus,3.076923077
14263,2012/06/29,Lepomis macrochirus,1.538461538
14263,2012/06/29,Salvelinus fontinalis,33.84615385
14263,2014/06/19,Salvelinus fontinalis,11.45038168
14270,1989/09/18,Anguilla rostrata,40
14270,1989/09/18,Lepomis macrochirus,18.66666667
14270,1989/09/18,Salmo trutta,62.66666667
14270,1989/09/18,Salvelinus fontinalis,2.666666667
14270,2010/08/13,Anguilla rostrata,26
14270,2010/08/13,Salmo trutta,50
14270,2010/08/13,Salvelinus fontinalis,18
14294,1993/07/19,Anguilla rostrata,1.333333333
14294,1993/07/19,Etheostoma olmstedi,35.33333333
14294,1993/07/19,Salvelinus fontinalis,9.333333333
14294,1993/07/19,Semotilus corporalis,28
14294,2014/08/19,Etheostoma olmstedi,38
14294,2014/08/19,Lepomis macrochirus,7
14294,2014/08/19,Salvelinus fontinalis,13
14294,2014/08/19,Semotilus corporalis,6
14355,1991/07/17,Ameiurus nebulosus,1.333333333
14355,1991/07/17,Anguilla rostrata,1.333333333
14355,1991/07/17,Etheostoma olmstedi,98
14355,1991/07/17,Lepomis macrochirus,34
14355,1991/07/17,Luxilus cornutus,116
14355,1991/07/17,Salmo trutta,12.66666667
14355,1991/07/17,Salvelinus fontinalis,8
14355,1991/07/17,Semotilus corporalis,64.66666667
14355,2006/06/22,Anguilla rostrata,0.675675676
14355,2006/06/22,Etheostoma olmstedi,9.459459459
14355,2006/06/22,Luxilus cornutus,11.48648649
14355,2006/06/22,Semotilus corporalis,2.027027027
14355,2011/06/10,Cottus cognatus,1.025641026
14355,2011/06/10,Etheostoma olmstedi,10.25641026
14355,2011/06/10,Lepomis macrochirus,1.538461538
14355,2011/06/10,Luxilus cornutus,1.538461538
14355,2011/06/10,Salmo trutta,11.28205128
14355,2011/06/10,Salvelinus fontinalis,1.025641026
14355,2011/06/10,Semotilus corporalis,2.564102564
14355,2016/07/14,Ameiurus nebulosus,0.751879699
14355,2016/07/14,Cottus cognatus,104.5112782
14355,2016/07/14,Etheostoma olmstedi,8.270676692
14355,2016/07/14,Lepomis macrochirus,3.759398496
14355,2016/07/14,Luxilus cornutus,12.03007519
14355,2016/07/14,Salmo trutta,3.759398496
14355,2016/07/14,Salvelinus fontinalis,0.751879699
14355,2016/07/14,Semotilus corporalis,2.255639098
14355,2018/07/20,Anguilla rostrata,0.847457627
14355,2018/07/20,Cottus cognatus,0.847457627
14355,2018/07/20,Etheostoma olmstedi,4.237288136
14355,2018/07/20,Lepomis macrochirus,2.542372881
14355,2018/07/20,Luxilus cornutus,1.694915254
14355,2018/07/20,Salmo trutta,22.88135593
14355,2018/07/20,Salvelinus fontinalis,0.847457627
14402,1988/06/21,Ameiurus nebulosus,4.081632653
14402,1988/06/21,Salvelinus fontinalis,5.442176871
14402,2008/06/16,Ameiurus nebulosus,0.666666667
14402,2008/06/16,Salvelinus fontinalis,3.333333333
14402,2012/06/21,Lepomis macrochirus,4.864864865
14402,2012/06/21,Salvelinus fontinalis,12.43243243
14438,1989/07/18,Ameiurus nebulosus,0.666666667
14438,1989/07/18,Anguilla rostrata,8.666666667
14438,1989/07/18,Salvelinus fontinalis,141.3333333
14438,2012/06/14,Anguilla rostrata,1.666666667
14438,2012/06/14,Salvelinus fontinalis,53.33333333
14439,2011/07/07,Cottus cognatus,10.86956522
14439,2011/07/07,Etheostoma olmstedi,5.797101449
14439,2011/07/07,Salmo trutta,11.5942029
14439,2011/07/07,Salvelinus fontinalis,1.449275362
14439,2013/08/19,Cottus cognatus,0.333333333
14439,2013/08/19,Etheostoma olmstedi,4
14439,2013/08/19,Lepomis macrochirus,2.333333333
14439,2013/08/19,Micropterus dolomieu,0.333333333
14439,2013/08/19,Salmo trutta,11.66666667
14453,1991/06/17,Salvelinus fontinalis,41
14453,2006/07/26,Salvelinus fontinalis,2.857142857
14453,2011/06/24,Salmo trutta,0.840336134
14470,2004/09/10,Anguilla rostrata,0.666666667
14470,2004/09/10,Etheostoma olmstedi,2
14470,2004/09/10,Salmo trutta,46.66666667
14470,2004/09/10,Salvelinus fontinalis,9.333333333
14470,2011/07/27,Anguilla rostrata,0.675675676
14470,2011/07/27,Etheostoma olmstedi,4.72972973
14470,2011/07/27,Lepomis macrochirus,0.675675676
14470,2011/07/27,Salmo trutta,54.72972973
14470,2011/07/27,Salvelinus fontinalis,10.13513514
14470,2013/06/17,Etheostoma olmstedi,1.379310345
14470,2013/06/17,Salvelinus fontinalis,1.379310345
14470,2016/06/09,Salmo trutta,58.26086957
14470,2016/06/09,Salvelinus fontinalis,4.347826087
14470,2018/06/15,Anguilla rostrata,1
14470,2018/06/15,Etheostoma olmstedi,1
14470,2018/06/15,Salmo trutta,78
14470,2018/06/15,Salvelinus fontinalis,5
14478,2011/06/22,Salvelinus fontinalis,11.17647059
14478,2013/08/30,Salvelinus fontinalis,45
14478,2014/07/23,Salvelinus fontinalis,32
14484,2004/06/30,Anguilla rostrata,2.912621359
14484,2004/06/30,Cottus cognatus,182.5242718
14484,2004/06/30,Etheostoma olmstedi,0.970873786
14484,2004/06/30,Luxilus cornutus,12.62135922
14484,2004/06/30,Salmo trutta,9.708737864
14484,2004/06/30,Salvelinus fontinalis,8.737864078
14484,2010/06/16,Cottus cognatus,97.33333333
14484,2010/06/16,Luxilus cornutus,0.666666667
14484,2010/06/16,Salmo trutta,5.333333333
14484,2010/06/16,Salvelinus fontinalis,12
14484,2013/08/23,Cottus cognatus,69.2124105
14484,2013/08/23,Etheostoma olmstedi,2.386634845
14484,2013/08/23,Luxilus cornutus,8.353221957
14484,2013/08/23,Salmo trutta,7.159904535
14484,2013/08/23,Salvelinus fontinalis,3.579952267
14484,2014/07/29,Anguilla rostrata,1.25
14484,2014/07/29,Cottus cognatus,60.41666667
14484,2014/07/29,Etheostoma olmstedi,2.916666667
14484,2014/07/29,Luxilus cornutus,7.083333333
14500,1991/07/16,Salvelinus fontinalis,116
14504,2008/07/14,Anguilla rostrata,0.534759358
14504,2008/07/14,Etheostoma olmstedi,31.55080214
14504,2008/07/14,Luxilus cornutus,3.20855615
14504,2008/07/14,Salmo trutta,1.069518717
14504,2008/07/14,Salvelinus fontinalis,4.278074866
14504,2008/07/14,Semotilus corporalis,5.347593583
14504,2012/06/14,Etheostoma olmstedi,9.696969697
14504,2012/06/14,Luxilus cornutus,0.606060606
14504,2012/06/14,Salmo trutta,4.848484848
14504,2012/06/14,Salvelinus fontinalis,13.33333333
14504,2012/06/14,Semotilus corporalis,5.454545455
14538,1993/08/16,Salmo trutta,2
14538,1993/08/16,Salvelinus fontinalis,13.33333333
14538,2011/08/24,Anguilla rostrata,8
14538,2011/08/24,Cottus cognatus,44
14538,2011/08/24,Etheostoma olmstedi,62
14538,2011/08/24,Salvelinus fontinalis,38
14551,2008/08/01,Anguilla rostrata,3.773584906
14551,2008/08/01,Etheostoma olmstedi,16.03773585
14551,2008/08/01,Lepomis macrochirus,3.773584906
14551,2008/08/01,Luxilus cornutus,10.37735849
14551,2008/08/01,Salmo trutta,12.26415094
14551,2008/08/01,Salvelinus fontinalis,5.660377358
14551,2008/08/01,Semotilus corporalis,8.490566038
14551,2012/07/13,Anguilla rostrata,4.166666667
14551,2012/07/13,Etheostoma olmstedi,22.91666667
14551,2012/07/13,Luxilus cornutus,7.291666667
14551,2012/07/13,Salmo trutta,18.75
14551,2012/07/13,Salvelinus fontinalis,87.5
14551,2012/07/13,Semotilus corporalis,12.5
14551,2017/07/17,Etheostoma olmstedi,2
14551,2017/07/17,Luxilus cornutus,1
14551,2017/07/17,Salmo trutta,2
14551,2017/07/17,Salvelinus fontinalis,16
14551,2017/07/17,Semotilus corporalis,2
14592,2009/07/22,Ameiurus natalis,0.769230769
14592,2009/07/22,Etheostoma olmstedi,4.615384615
14592,2009/07/22,Lepomis macrochirus,11.53846154
14592,2009/07/22,Salvelinus fontinalis,3.076923077
14592,2009/07/22,Semotilus corporalis,11.53846154
14592,2010/06/07,Ameiurus natalis,1.333333333
14592,2010/06/07,Etheostoma olmstedi,8.666666667
14592,2010/06/07,Lepomis macrochirus,19.33333333
14592,2010/06/07,Luxilus cornutus,7.333333333
14592,2010/06/07,Salmo trutta,7.333333333
14592,2010/06/07,Salvelinus fontinalis,14.66666667
14592,2010/06/07,Semotilus corporalis,31.33333333
14592,2014/06/12,Ameiurus natalis,0.546448087
14592,2014/06/12,Etheostoma olmstedi,5.464480874
14592,2014/06/12,Lepomis macrochirus,2.732240437
14592,2014/06/12,Luxilus cornutus,1.092896175
14592,2014/06/12,Salvelinus fontinalis,2.18579235
14592,2014/06/12,Semotilus corporalis,9.836065574
14593,2009/06/03,Anguilla rostrata,2.666666667
14593,2009/06/03,Etheostoma olmstedi,0.666666667
14593,2009/06/03,Lepomis macrochirus,0.666666667
14593,2009/06/03,Luxilus cornutus,31.33333333
14593,2009/06/03,Semotilus corporalis,24.66666667
14593,2010/06/17,Anguilla rostrata,971.8446602
14593,2010/06/17,Etheostoma olmstedi,0.970873786
14593,2010/06/17,Lepomis macrochirus,0.970873786
14593,2010/06/17,Luxilus cornutus,65.04854369
14593,2010/06/17,Salvelinus fontinalis,28.15533981
14593,2010/06/17,Semotilus corporalis,22.33009709
14593,2014/07/08,Ameiurus natalis,2.4
14593,2014/07/08,Anguilla rostrata,0.8
14593,2014/07/08,Etheostoma olmstedi,4
14593,2014/07/08,Lepomis macrochirus,0.8
14593,2014/07/08,Luxilus cornutus,4
14593,2014/07/08,Micropterus dolomieu,1.6
14593,2014/07/08,Semotilus corporalis,12
14597,1993/07/12,Ameiurus nebulosus,0.666666667
14597,1993/07/12,Etheostoma olmstedi,8
14597,1993/07/12,Salmo trutta,4
14597,1993/07/12,Salvelinus fontinalis,7.333333333
14597,2004/08/19,Ameiurus nebulosus,7.826086957
14597,2004/08/19,Lepomis macrochirus,0.869565217
14597,2004/08/19,Salvelinus fontinalis,11.30434783
14597,2010/07/16,Ameiurus nebulosus,1.149425287
14597,2010/07/16,Etheostoma olmstedi,6.896551724
14597,2010/07/16,Salvelinus fontinalis,14.94252874
14602,2004/07/01,Anguilla rostrata,5.454545455
14602,2004/07/01,Cottus cognatus,17.27272727
14602,2004/07/01,Etheostoma olmstedi,1.363636364
14602,2004/07/01,Salmo trutta,7.727272727
14602,2004/07/01,Salvelinus fontinalis,1.363636364
14602,2009/07/28,Anguilla rostrata,2.666666667
14602,2009/07/28,Cottus cognatus,2
14602,2009/07/28,Etheostoma olmstedi,0.666666667
14602,2009/07/28,Luxilus cornutus,10
14602,2009/07/28,Salmo trutta,1.333333333
14602,2009/07/28,Salvelinus fontinalis,0.666666667
14602,2009/07/28,Semotilus corporalis,4
14602,2014/07/18,Ambloplites rupestris,0.689655172
14602,2014/07/18,Anguilla rostrata,11.03448276
14602,2014/07/18,Cottus cognatus,7.586206897
14602,2014/07/18,Etheostoma olmstedi,0.689655172
14602,2014/07/18,Luxilus cornutus,1.379310345
14602,2014/07/18,Salmo trutta,8.275862069
14602,2014/07/18,Semotilus corporalis,1.379310345
14605,1990/07/09,Anguilla rostrata,2.666666667
14605,1990/07/09,Etheostoma olmstedi,9.333333333
14605,1990/07/09,Lepomis macrochirus,0.666666667
14605,1990/07/09,Luxilus cornutus,10
14605,1990/07/09,Salmo trutta,2.666666667
14605,1990/07/09,Salvelinus fontinalis,2
14605,1990/07/09,Semotilus corporalis,12
14605,2011/06/29,Anguilla rostrata,5
14605,2011/06/29,Etheostoma olmstedi,3.5
14605,2011/06/29,Luxilus cornutus,3
14605,2011/06/29,Salmo trutta,20.5
14605,2011/06/29,Salvelinus fontinalis,7.5
14605,2011/06/29,Semotilus corporalis,9.5
14605,2012/06/29,Anguilla rostrata,3
14605,2012/06/29,Etheostoma olmstedi,2.5
14605,2012/06/29,Luxilus cornutus,1
14605,2012/06/29,Salmo trutta,41.5
14605,2012/06/29,Salvelinus fontinalis,12.5
14605,2012/06/29,Semotilus corporalis,19.5
14718,1993/07/12,Salvelinus fontinalis,10.76923077
14718,2001/07/12,Ameiurus nebulosus,19.11764706
14720,2001/07/12,Anguilla rostrata,7.619047619
14720,2001/07/12,Etheostoma olmstedi,1.904761905
14720,2001/07/12,Salmo trutta,0.952380952
14720,2001/07/12,Salvelinus fontinalis,15.23809524
14720,2007/06/22,Anguilla rostrata,4
14720,2007/06/22,Etheostoma olmstedi,4
14720,2007/06/22,Salvelinus fontinalis,14
14720,2009/07/17,Ameiurus nebulosus,0.666666667
14720,2009/07/17,Anguilla rostrata,3.333333333
14720,2009/07/17,Etheostoma olmstedi,1.333333333
14720,2009/07/17,Salvelinus fontinalis,1.333333333
14720,2010/06/30,Anguilla rostrata,3.636363636
14720,2010/06/30,Etheostoma olmstedi,0.909090909
14720,2010/06/30,Salvelinus fontinalis,60
14720,2011/07/01,Anguilla rostrata,0.99009901
14720,2011/07/01,Etheostoma olmstedi,6.930693069
14720,2011/07/01,Salvelinus fontinalis,37.62376238
14720,2013/07/02,Ameiurus nebulosus,1.904761905
14720,2013/07/02,Anguilla rostrata,3.80952381
14720,2013/07/02,Etheostoma olmstedi,9.523809524
14720,2013/07/02,Salvelinus fontinalis,15.23809524
14720,2015/06/03,Anguilla rostrata,2
14720,2015/06/03,Etheostoma olmstedi,5
14720,2015/06/03,Salvelinus fontinalis,23
14740,1991/07/01,Etheostoma olmstedi,0.666666667
14740,1991/07/01,Exoglossum maxillingua,0.666666667
14740,1991/07/01,Lepomis macrochirus,2.666666667
14740,1991/07/01,Luxilus cornutus,0.666666667
14740,1991/07/01,Salmo trutta,0.666666667
14740,1991/07/01,Salvelinus fontinalis,114.6666667
14740,1991/07/01,Semotilus corporalis,30.66666667
14740,2011/07/28,Etheostoma olmstedi,10.71428571
14740,2011/07/28,Luxilus cornutus,1.785714286
14740,2011/07/28,Salvelinus fontinalis,36.60714286
14740,2013/06/24,Etheostoma olmstedi,3.910614525
14740,2013/06/24,Lepomis macrochirus,8.938547486
14740,2013/06/24,Luxilus cornutus,11.73184358
14740,2013/06/24,Salvelinus fontinalis,40.78212291
14740,2016/08/25,Etheostoma olmstedi,4.666666667
14740,2016/08/25,Luxilus cornutus,46.66666667
14740,2016/08/25,Salvelinus fontinalis,12
14741,2008/06/30,Etheostoma olmstedi,1.923076923
14741,2008/06/30,Exoglossum maxillingua,3.846153846
14741,2008/06/30,Lepomis macrochirus,5.769230769
14741,2008/06/30,Luxilus cornutus,5.769230769
14741,2008/06/30,Salvelinus fontinalis,7.692307692
14741,2011/06/20,Etheostoma olmstedi,7.8125
14741,2011/06/20,Exoglossum maxillingua,3.125
14741,2011/06/20,Lepomis macrochirus,18.75
14741,2011/06/20,Salvelinus fontinalis,17.1875
14741,2013/06/24,Etheostoma olmstedi,14.0625
14741,2013/06/24,Lepomis macrochirus,28.64583333
14741,2013/06/24,Luxilus cornutus,1.5625
14741,2013/06/24,Salvelinus fontinalis,7.291666667
14741,2016/06/29,Etheostoma olmstedi,23.52941176
14741,2016/06/29,Lepomis macrochirus,0.980392157
14741,2016/06/29,Salvelinus fontinalis,99.01960784
14774,2001/06/22,Anguilla rostrata,18
14774,2001/06/22,Lepomis macrochirus,4
14774,2001/06/22,Salvelinus fontinalis,84
14774,2010/07/29,Anguilla rostrata,32
14774,2010/07/29,Etheostoma olmstedi,9.333333333
14774,2010/07/29,Salvelinus fontinalis,128
14774,2012/07/13,Anguilla rostrata,74
14774,2012/07/13,Etheostoma olmstedi,50
14774,2012/07/13,Lepomis macrochirus,2
14774,2012/07/13,Salvelinus fontinalis,188
14813,1992/10/06,Cottus cognatus,16.66666667
14813,1992/10/06,Etheostoma olmstedi,1.333333333
14813,1992/10/06,Salmo trutta,132
14813,2006/08/23,Salmo trutta,32.5
14813,2006/08/23,Salvelinus fontinalis,3
14813,2011/06/22,Cottus cognatus,10
14813,2011/06/22,Salmo trutta,13
14813,2011/06/22,Salvelinus fontinalis,3.5
14813,2016/07/21,Cottus cognatus,40.74074074
14813,2016/07/21,Salmo trutta,5.185185185
14819,1988/09/22,Etheostoma olmstedi,80
14819,1988/09/22,Luxilus cornutus,53
14819,1988/09/22,Salvelinus fontinalis,4
14819,1999/09/04,Cottus cognatus,3.529411765
14819,1999/09/04,Salvelinus fontinalis,25.88235294
14819,2008/06/20,Cottus cognatus,9
14819,2008/06/20,Salvelinus fontinalis,5
14819,2010/06/03,Cottus cognatus,21
14819,2010/06/03,Salvelinus fontinalis,23
14840,2002/06/27,Anguilla rostrata,0.595238095
14840,2002/06/27,Salmo trutta,0.595238095
14840,2002/06/27,Salvelinus fontinalis,17.85714286
14840,2017/08/14,Cottus cognatus,3.636363636
14840,2017/08/14,Salvelinus fontinalis,17.27272727
14842,2002/06/25,Anguilla rostrata,0.64516129
14842,2002/06/25,Etheostoma olmstedi,0.64516129
14842,2002/06/25,Lepomis macrochirus,1.935483871
14842,2002/06/25,Salvelinus fontinalis,103.2258065
14842,2008/06/20,Lepomis macrochirus,2
14842,2008/06/20,Salvelinus fontinalis,10
14842,2011/07/11,Anguilla rostrata,0.666666667
14842,2011/07/11,Etheostoma olmstedi,2
14842,2011/07/11,Lepomis macrochirus,5.333333333
14842,2011/07/11,Salvelinus fontinalis,7.333333333
14842,2015/06/12,Etheostoma olmstedi,5
14842,2015/06/12,Salvelinus fontinalis,30
14845,1992/07/08,Salvelinus fontinalis,36
14845,2002/07/08,Lepomis macrochirus,5.333333333
14845,2002/07/08,Salvelinus fontinalis,5.333333333
14857,1989/07/20,Anguilla rostrata,6
14857,1989/07/20,Salvelinus fontinalis,100
14857,2002/07/11,Anguilla rostrata,1.333333333
14857,2002/07/11,Salvelinus fontinalis,98.66666667
14857,2011/07/27,Anguilla rostrata,2.173913043
14857,2011/07/27,Salvelinus fontinalis,23.91304348
14860,1993/07/14,Anguilla rostrata,25.33333333
14860,1993/07/14,Lepomis auritus,2.666666667
14860,1993/07/14,Salvelinus fontinalis,46.66666667
14860,2002/07/03,Anguilla rostrata,22.88135593
14860,2002/07/03,Lepomis auritus,2.542372881
14860,2002/07/03,Salvelinus fontinalis,85.59322034
14863,1994/07/07,Salvelinus fontinalis,84
14863,2002/07/01,Salvelinus fontinalis,21.65605096
14863,2009/06/04,Ameiurus nebulosus,1.666666667
14863,2009/06/04,Salvelinus fontinalis,3.888888889
14863,2013/08/14,Salvelinus fontinalis,44.85981308
14863,2014/06/11,Lepomis macrochirus,0.952380952
14863,2014/06/11,Salvelinus fontinalis,8.571428571
14863,2017/08/01,Salvelinus fontinalis,4.516129032
14866,1994/08/24,Salvelinus fontinalis,28
14866,2002/07/15,Ameiurus nebulosus,1.333333333
14866,2002/07/15,Salvelinus fontinalis,50.66666667
14866,2007/08/01,Ameiurus nebulosus,3.636363636
14866,2007/08/01,Salvelinus fontinalis,9.090909091
14866,2014/06/06,Salvelinus fontinalis,5.389221557
14866,2014/06/06,Semotilus corporalis,1.19760479
14880,2002/07/25,Salvelinus fontinalis,130
14880,2011/07/07,Salvelinus fontinalis,36
14880,2012/07/19,Salvelinus fontinalis,103.3898305
14880,2016/09/14,Salvelinus fontinalis,103.3898305
15001,2003/07/22,Salvelinus fontinalis,55.33333333
15001,2017/06/30,Salvelinus fontinalis,5
15003,1994/08/16,Anguilla rostrata,3
15003,1994/08/16,Etheostoma olmstedi,3
15003,1994/08/16,Luxilus cornutus,52
15003,1994/08/16,Salvelinus fontinalis,18
15003,1994/08/16,Semotilus corporalis,13
15003,2003/06/20,Ameiurus natalis,1.333333333
15003,2003/06/20,Anguilla rostrata,0.666666667
15003,2003/06/20,Etheostoma olmstedi,0.666666667
15003,2003/06/20,Salvelinus fontinalis,7.333333333
15003,2014/06/11,Anguilla rostrata,0.782472613
15003,2014/06/11,Etheostoma olmstedi,7.042253521
15003,2014/06/11,Lepomis macrochirus,1.564945227
15003,2014/06/11,Luxilus cornutus,1.564945227
15003,2014/06/11,Salvelinus fontinalis,14.86697966
15007,1994/07/05,Anguilla rostrata,13
15007,1994/07/05,Etheostoma olmstedi,5
15007,1994/07/05,Lepomis macrochirus,9
15007,1994/07/05,Salvelinus fontinalis,74
15007,1994/07/05,Semotilus corporalis,5
15007,2003/07/29,Ameiurus nebulosus,1.27388535
15007,2003/07/29,Anguilla rostrata,0.636942675
15007,2003/07/29,Etheostoma olmstedi,4.458598726
15007,2003/07/29,Luxilus cornutus,31.84713376
15007,2003/07/29,Salvelinus fontinalis,101.2738854
15007,2003/07/29,Semotilus corporalis,12.10191083
15007,2014/06/27,Anguilla rostrata,1.818181818
15007,2014/06/27,Luxilus cornutus,18.18181818
15007,2014/06/27,Salvelinus fontinalis,40
15007,2014/06/27,Semotilus corporalis,54.54545455
15013,2003/07/09,Anguilla rostrata,0.543478261
15013,2003/07/09,Etheostoma olmstedi,20.65217391
15013,2003/07/09,Lepomis macrochirus,0.543478261
15013,2003/07/09,Salmo trutta,6.52173913
15013,2003/07/09,Salvelinus fontinalis,2.717391304
15013,2007/07/12,Anguilla rostrata,4.605263158
15013,2007/07/12,Etheostoma olmstedi,28.28947368
15013,2007/07/12,Salmo trutta,6.578947368
15013,2007/07/12,Salvelinus fontinalis,17.76315789
15013,2007/07/12,Semotilus corporalis,0.657894737
15013,2009/07/01,Anguilla rostrata,3.225806452
15013,2009/07/01,Etheostoma olmstedi,22.58064516
15013,2009/07/01,Salmo trutta,3.225806452
15013,2009/07/01,Salvelinus fontinalis,4.516129032
15013,2011/07/12,Anguilla rostrata,6.333333333
15013,2011/07/12,Etheostoma olmstedi,13.66666667
15013,2011/07/12,Lepomis auritus,0.666666667
15013,2011/07/12,Lepomis macrochirus,3
15013,2011/07/12,Salmo trutta,5.333333333
15013,2011/07/12,Salvelinus fontinalis,0.666666667
15013,2011/07/12,Semotilus corporalis,0.333333333
15013,2013/07/03,Anguilla rostrata,6
15013,2013/07/03,Etheostoma olmstedi,29.33333333
15013,2013/07/03,Lepomis auritus,0.666666667
15013,2013/07/03,Salmo trutta,8.666666667
15013,2013/07/03,Salvelinus fontinalis,1.333333333
15014,1989/07/31,Anguilla rostrata,2
15014,1989/07/31,Salvelinus fontinalis,58
15014,2003/07/02,Anguilla rostrata,7.333333333
15014,2003/07/02,Salvelinus fontinalis,8.666666667
15014,2012/06/20,Anguilla rostrata,2.857142857
15014,2012/06/20,Salvelinus fontinalis,24.28571429
15015,1993/06/22,Ameiurus nebulosus,8.666666667
15015,1993/06/22,Anguilla rostrata,22.66666667
15015,1993/06/22,Etheostoma olmstedi,13.33333333
15015,1993/06/22,Lepomis macrochirus,1.333333333
15015,1993/06/22,Salvelinus fontinalis,20
15015,2003/07/28,Anguilla rostrata,35.33333333
15015,2003/07/28,Etheostoma olmstedi,15.33333333
15015,2003/07/28,Salvelinus fontinalis,1.333333333
15017,1991/09/16,Anguilla rostrata,3
15017,1991/09/16,Lepomis macrochirus,1
15017,1991/09/16,Salvelinus fontinalis,15
15017,2003/07/07,Anguilla rostrata,4.137931034
15017,2003/07/07,Salmo trutta,3.448275862
15017,2003/07/07,Salvelinus fontinalis,73.79310345
15017,2006/07/19,Anguilla rostrata,6.25
15017,2006/07/19,Lepomis macrochirus,2.5
15017,2006/07/19,Micropterus dolomieu,1.25
15017,2006/07/19,Salmo trutta,1.25
15017,2006/07/19,Salvelinus fontinalis,12.5
15024,2003/06/24,Ameiurus nebulosus,0.666666667
15024,2003/06/24,Lepomis macrochirus,4
15024,2003/06/24,Salmo trutta,2
15024,2003/06/24,Salvelinus fontinalis,31.33333333
15024,2011/07/15,Lepomis macrochirus,7.8125
15024,2011/07/15,Salmo trutta,18.75
15024,2011/07/15,Salvelinus fontinalis,22.65625
15035,1992/07/08,Salmo trutta,0.666666667
15035,1992/07/08,Salvelinus fontinalis,34.66666667
15035,2003/07/17,Ameiurus nebulosus,2
15035,2003/07/17,Lepomis macrochirus,1.333333333
15035,2003/07/17,Salvelinus fontinalis,30
15035,2006/09/14,Ameiurus nebulosus,0.666666667
15035,2006/09/14,Etheostoma olmstedi,1.333333333
15035,2006/09/14,Exoglossum maxillingua,2
15035,2006/09/14,Lepomis macrochirus,1.333333333
15035,2006/09/14,Luxilus cornutus,0.666666667
15035,2006/09/14,Salmo trutta,0.666666667
15035,2006/09/14,Salvelinus fontinalis,5.333333333
15035,2016/07/01,Etheostoma olmstedi,0.806451613
15035,2016/07/01,Exoglossum maxillingua,3.225806452
15035,2016/07/01,Salvelinus fontinalis,21.77419355
15046,2008/07/07,Etheostoma olmstedi,2.4
15046,2008/07/07,Salvelinus fontinalis,33.6
15046,2012/07/19,Etheostoma olmstedi,6
15046,2012/07/19,Lepomis macrochirus,3
15046,2012/07/19,Salmo trutta,22
15046,2012/07/19,Salvelinus fontinalis,168
15046,2017/06/15,Lepomis macrochirus,3.603603604
15046,2017/06/15,Salvelinus fontinalis,126.1261261
15062,1992/07/08,Salvelinus fontinalis,36
15062,2003/07/17,Salvelinus fontinalis,20
15063,2003/07/17,Salvelinus fontinalis,36
15063,2010/06/29,Salvelinus fontinalis,13.15789474
15066,1990/07/16,Etheostoma olmstedi,132
15066,1995/05/17,Etheostoma olmstedi,104
15066,1995/05/17,Salvelinus fontinalis,46
15100,1992/06/15,Etheostoma olmstedi,0.666666667
15100,1992/06/15,Salmo trutta,41.33333333
15100,1992/06/15,Salvelinus fontinalis,4
15100,2007/07/19,Cottus cognatus,9.215017065
15100,2007/07/19,Lepomis macrochirus,9.215017065
15100,2007/07/19,Salmo trutta,19.11262799
15100,2007/07/19,Salvelinus fontinalis,6.825938567
15100,2011/07/07,Cottus cognatus,14.18918919
15100,2011/07/07,Lepomis macrochirus,0.675675676
15100,2011/07/07,Salmo trutta,12.16216216
15100,2011/07/07,Salvelinus fontinalis,10.81081081
15171,1988/08/09,Ambloplites rupestris,0.666666667
15171,1988/08/09,Anguilla rostrata,26
15171,1988/08/09,Etheostoma olmstedi,36
15171,1988/08/09,Lepomis macrochirus,5.333333333
15171,1988/08/09,Luxilus cornutus,18
15171,1988/08/09,Salmo trutta,24
15171,1988/08/09,Semotilus corporalis,20.66666667
15171,2010/06/16,Anguilla rostrata,0.666666667
15171,2010/06/16,Cottus cognatus,14.66666667
15171,2010/06/16,Etheostoma olmstedi,7.333333333
15171,2010/06/16,Lepomis macrochirus,4.666666667
15171,2010/06/16,Salmo trutta,2
15171,2010/06/16,Salvelinus fontinalis,14.66666667
15171,2010/06/16,Semotilus corporalis,1.333333333
15171,2017/08/14,Anguilla rostrata,1
15171,2017/08/14,Cottus cognatus,12
15171,2017/08/14,Etheostoma olmstedi,4
15171,2017/08/14,Micropterus dolomieu,1
15171,2017/08/14,Salvelinus fontinalis,8
15172,2004/06/30,Salmo trutta,9.259259259
15172,2004/06/30,Salvelinus fontinalis,39.81481481
15172,2012/06/08,Ameiurus nebulosus,0.694444444
15172,2012/06/08,Salmo trutta,11.11111111
15172,2012/06/08,Salvelinus fontinalis,10.41666667
15193,2007/06/14,Anguilla rostrata,3.305785124
15193,2007/06/14,Etheostoma olmstedi,10.74380165
15193,2007/06/14,Salvelinus fontinalis,33.88429752
15193,2010/07/28,Anguilla rostrata,5
15193,2010/07/28,Etheostoma olmstedi,31
15193,2010/07/28,Salvelinus fontinalis,13
15193,2013/09/05,Anguilla rostrata,4
15193,2013/09/05,Etheostoma olmstedi,32
15193,2013/09/05,Salvelinus fontinalis,28
15210,2004/07/01,Anguilla rostrata,2.5
15210,2004/07/01,Cottus cognatus,33.75
15210,2004/07/01,Salmo trutta,10
15210,2006/08/09,Anguilla rostrata,3.225806452
15210,2006/08/09,Cottus cognatus,7.096774194
15210,2006/08/09,Etheostoma olmstedi,0.64516129
15210,2006/08/09,Luxilus cornutus,5.161290323
15210,2006/08/09,Salmo trutta,12.90322581
15210,2006/08/09,Semotilus corporalis,27.09677419
15210,2007/08/07,Ameiurus natalis,0.641025641
15210,2007/08/07,Anguilla rostrata,2.564102564
15210,2007/08/07,Cottus cognatus,2.564102564
15210,2007/08/07,Etheostoma olmstedi,0.641025641
15210,2007/08/07,Luxilus cornutus,10.25641026
15210,2007/08/07,Salmo trutta,7.051282051
15210,2007/08/07,Salvelinus fontinalis,6.41025641
15210,2007/08/07,Semotilus corporalis,14.1025641
15210,2008/05/18,Ameiurus nebulosus,1
15210,2008/05/18,Anguilla rostrata,3
15210,2008/05/18,Cottus cognatus,9
15210,2008/05/18,Etheostoma olmstedi,1
15210,2008/05/18,Luxilus cornutus,2
15210,2008/05/18,Salmo trutta,5
15210,2008/05/18,Salvelinus fontinalis,2
15210,2008/05/18,Semotilus corporalis,8
15210,2009/07/28,Anguilla rostrata,10
15210,2009/07/28,Cottus cognatus,1.333333333
15210,2009/07/28,Etheostoma olmstedi,0.666666667
15210,2009/07/28,Salmo trutta,6.666666667
15210,2012/08/16,Ameiurus natalis,4.285714286
15210,2012/08/16,Anguilla rostrata,5.714285714
15210,2012/08/16,Cottus cognatus,4.285714286
15210,2012/08/16,Etheostoma olmstedi,0.714285714
15210,2012/08/16,Luxilus cornutus,7.857142857
15210,2012/08/16,Salmo trutta,17.14285714
15210,2012/08/16,Salvelinus fontinalis,5
15210,2012/08/16,Semotilus corporalis,22.14285714
15210,2014/07/28,Ameiurus nebulosus,0.666666667
15210,2014/07/28,Anguilla rostrata,10
15210,2014/07/28,Cottus cognatus,4
15210,2014/07/28,Luxilus cornutus,0.666666667
15210,2014/07/28,Salmo trutta,18
15210,2014/07/28,Semotilus corporalis,14
15240,1988/07/27,Cottus cognatus,8
15240,1988/07/27,Luxilus cornutus,0.666666667
15240,1988/07/27,Salvelinus fontinalis,29.33333333
15240,2004/07/02,Ameiurus nebulosus,0.787401575
15240,2004/07/02,Cottus cognatus,2.362204724
15240,2004/07/02,Luxilus cornutus,0.787401575
15240,2004/07/02,Salvelinus fontinalis,19.68503937
15240,2011/07/19,Cottus cognatus,1.333333333
15240,2011/07/19,Salvelinus fontinalis,21.33333333
15240,2014/07/07,Cottus cognatus,0.869565217
15240,2014/07/07,Salvelinus fontinalis,13.47826087
15244,1992/06/29,Salmo trutta,15
15244,1992/06/29,Salvelinus fontinalis,157
15244,2011/06/15,Lepomis macrochirus,0.8
15244,2011/06/15,Salvelinus fontinalis,3.2
15274,1990/06/20,Salvelinus fontinalis,76
15274,2018/08/08,Salvelinus fontinalis,1
15304,2004/07/09,Salvelinus fontinalis,5.357142857
15304,2007/06/26,Salvelinus fontinalis,1.333333333
15304,2010/06/01,Salvelinus fontinalis,9
15304,2014/06/20,Salvelinus fontinalis,10.67961165
15306,2004/07/09,Salvelinus fontinalis,32.75862069
15306,2005/07/12,Luxilus cornutus,0.666666667
15306,2007/06/26,Salvelinus fontinalis,2.666666667
15306,2010/06/01,Salvelinus fontinalis,14
15315,2007/07/26,Anguilla rostrata,13.88888889
15315,2007/07/26,Luxilus cornutus,11.11111111
15315,2007/07/26,Salvelinus fontinalis,32.40740741
15315,2011/06/22,Anguilla rostrata,1.123595506
15315,2011/06/22,Salvelinus fontinalis,10.11235955
15315,2013/07/12,Anguilla rostrata,6
15315,2013/07/12,Lepomis macrochirus,0.666666667
15315,2013/07/12,Luxilus cornutus,0.666666667
15315,2013/07/12,Salvelinus fontinalis,10
15315,2016/06/24,Anguilla rostrata,6.12244898
15315,2016/06/24,Salvelinus fontinalis,17.34693878
15315,2018/07/12,Anguilla rostrata,13.18681319
15315,2018/07/12,Luxilus cornutus,2.197802198
15315,2018/07/12,Salvelinus fontinalis,7.692307692
15316,1989/08/31,Salvelinus fontinalis,23.07692308
15316,2011/08/02,Lepomis macrochirus,32
15316,2011/08/02,Salvelinus fontinalis,22
15406,2007/07/24,Anguilla rostrata,10.66666667
15406,2007/07/24,Etheostoma olmstedi,12
15406,2007/07/24,Salmo trutta,1.333333333
15406,2007/07/24,Salvelinus fontinalis,18.66666667
15406,2017/07/17,Anguilla rostrata,21.56862745
15406,2017/07/17,Etheostoma olmstedi,2.941176471
15406,2017/07/17,Salvelinus fontinalis,41.17647059
15499,2009/06/29,Anguilla rostrata,2.89017341
15499,2009/06/29,Cottus cognatus,66.47398844
15499,2009/06/29,Etheostoma olmstedi,0.578034682
15499,2009/06/29,Luxilus cornutus,0.578034682
15499,2009/06/29,Salmo trutta,2.89017341
15499,2009/06/29,Salvelinus fontinalis,3.468208092
15499,2011/07/19,Cottus cognatus,67.42857143
15499,2011/07/19,Salmo trutta,2.285714286
15499,2011/07/19,Salvelinus fontinalis,5.714285714
15499,2013/08/23,Ameiurus nebulosus,0.540540541
15499,2013/08/23,Anguilla rostrata,0.540540541
15499,2013/08/23,Cottus cognatus,90.81081081
15499,2013/08/23,Etheostoma olmstedi,1.621621622
15499,2013/08/23,Luxilus cornutus,4.324324324
15499,2013/08/23,Salmo trutta,3.783783784
15499,2013/08/23,Salvelinus fontinalis,4.864864865
15499,2015/07/29,Anguilla rostrata,1.333333333
15499,2015/07/29,Cottus cognatus,79.33333333
15499,2015/07/29,Etheostoma olmstedi,2
15499,2015/07/29,Luxilus cornutus,9.333333333
15499,2015/07/29,Salmo trutta,2
15499,2015/07/29,Salvelinus fontinalis,7.333333333
15499,2018/08/10,Cottus cognatus,160
15499,2018/08/10,Luxilus cornutus,4
15499,2018/08/10,Salmo trutta,1.333333333
15499,2018/08/10,Salvelinus fontinalis,0.666666667
15505,1992/06/15,Ameiurus nebulosus,0.714285714
15505,1992/06/15,Cottus cognatus,78.57142857
15505,1992/06/15,Salvelinus fontinalis,31.42857143
15505,2004/06/28,Cottus cognatus,100
15505,2004/06/28,Salmo trutta,1.136363636
15505,2004/06/28,Salvelinus fontinalis,207.9545455
15505,2010/06/17,Cottus cognatus,95.33333333
15505,2010/06/17,Salvelinus fontinalis,30.66666667
15505,2012/07/19,Cottus cognatus,43.87755102
15505,2012/07/19,Salvelinus fontinalis,157.1428571
15505,2013/07/09,Lepomis macrochirus,0.675675676
15505,2013/07/09,Salvelinus fontinalis,52.7027027
15505,2016/07/14,Cottus cognatus,48.66666667
15505,2016/07/14,Lepomis macrochirus,0.666666667
15505,2016/07/14,Salvelinus fontinalis,140.6666667
15509,1992/06/17,Ameiurus nebulosus,2
15509,1992/06/17,Salmo trutta,6
15509,1992/06/17,Salvelinus fontinalis,53
15509,2004/06/29,Salmo trutta,24
15509,2004/06/29,Salvelinus fontinalis,88
15509,2011/06/22,Salmo trutta,61
15509,2011/06/22,Salvelinus fontinalis,4
15509,2012/06/18,Salmo trutta,33
15509,2012/06/18,Salvelinus fontinalis,17
15509,2013/06/17,Salvelinus fontinalis,6
15512,2004/06/30,Cottus cognatus,36.25
15512,2004/06/30,Salmo trutta,6.25
15512,2004/06/30,Salvelinus fontinalis,100
15512,2012/06/14,Cottus cognatus,38.4
15512,2012/06/14,Salmo trutta,7.2
15512,2012/06/14,Salvelinus fontinalis,28
15512,2015/08/19,Cottus cognatus,53
15512,2015/08/19,Salmo trutta,5
15512,2015/08/19,Salvelinus fontinalis,9
15515,1991/08/27,Luxilus cornutus,3
15515,1991/08/27,Salmo trutta,173
15515,1991/08/27,Salvelinus fontinalis,6
15515,2004/07/02,Etheostoma olmstedi,7.766990291
15515,2004/07/02,Luxilus cornutus,9.708737864
15515,2004/07/02,Salmo trutta,7.766990291
15515,2004/07/02,Salvelinus fontinalis,24.27184466
15515,2008/07/25,Etheostoma olmstedi,0.952380952
15515,2008/07/25,Luxilus cornutus,0.952380952
15515,2008/07/25,Salvelinus fontinalis,7.619047619
15516,1988/08/19,Cottus cognatus,82
15516,1988/08/19,Salvelinus fontinalis,71.33333333
15516,2004/07/02,Cottus cognatus,68.49315068
15516,2004/07/02,Etheostoma olmstedi,1.369863014
15516,2004/07/02,Lepomis macrochirus,0.684931507
15516,2004/07/02,Luxilus cornutus,0.684931507
15516,2004/07/02,Salvelinus fontinalis,8.904109589
15516,2005/07/27,Cottus cognatus,106.5217391
15516,2005/07/27,Etheostoma olmstedi,2.173913043
15516,2005/07/27,Luxilus cornutus,0.724637681
15516,2005/07/27,Salvelinus fontinalis,54.34782609
15516,2006/08/11,Ameiurus nebulosus,0.666666667
15516,2006/08/11,Cottus cognatus,67.33333333
15516,2006/08/11,Etheostoma olmstedi,1.333333333
15516,2006/08/11,Salvelinus fontinalis,10
15516,2007/07/23,Cottus cognatus,108.3969466
15516,2007/07/23,Salvelinus fontinalis,13.74045802
15516,2008/07/21,Cottus cognatus,50.72463768
15516,2008/07/21,Lepomis macrochirus,2.173913043
15516,2008/07/21,Salvelinus fontinalis,7.971014493
15516,2009/07/21,Cottus cognatus,171.7391304
15516,2009/07/21,Salvelinus fontinalis,4.347826087
15516,2011/07/19,Cottus cognatus,38
15516,2011/07/19,Salvelinus fontinalis,4.666666667
15516,2012/07/18,Cottus cognatus,82.66666667
15516,2012/07/18,Etheostoma olmstedi,2
15516,2012/07/18,Salvelinus fontinalis,47.33333333
15516,2014/07/28,Cottus cognatus,87.76978417
15516,2014/07/28,Etheostoma olmstedi,0.71942446
15516,2014/07/28,Salvelinus fontinalis,33.81294964
15516,2015/07/17,Cottus cognatus,86.23853211
15516,2015/07/17,Salvelinus fontinalis,11.00917431
15516,2017/09/01,Cottus cognatus,15.94202899
15516,2017/09/01,Luxilus cornutus,9.420289855
15516,2017/09/01,Salvelinus fontinalis,21.01449275
15519,1992/07/21,Luxilus cornutus,8.666666667
15519,1992/07/21,Salmo trutta,14
15519,1992/07/21,Salvelinus fontinalis,26.66666667
15519,1992/07/21,Semotilus corporalis,6.666666667
15519,2004/07/07,Salmo trutta,9.333333333
15519,2004/07/07,Salvelinus fontinalis,61.33333333
15519,2015/06/26,Salmo trutta,4
15519,2015/06/26,Salvelinus fontinalis,1
15520,2004/07/09,Cottus cognatus,34.28571429
15520,2004/07/09,Salvelinus fontinalis,89.52380952
15520,2010/07/21,Cottus cognatus,17.33333333
15520,2010/07/21,Salvelinus fontinalis,61.33333333
15520,2014/06/20,Cottus cognatus,20
15520,2014/06/20,Salvelinus fontinalis,55
15529,1992/06/18,Etheostoma olmstedi,19.33333333
15529,1992/06/18,Lepomis auritus,0.666666667
15529,1992/06/18,Lepomis macrochirus,9.333333333
15529,1992/06/18,Luxilus cornutus,94
15529,1992/06/18,Salmo trutta,87.33333333
15529,1992/06/18,Salvelinus fontinalis,44.66666667
15529,1992/06/18,Semotilus corporalis,34.66666667
15529,2004/08/03,Etheostoma olmstedi,42.66666667
15529,2004/08/03,Lepomis auritus,2
15529,2004/08/03,Luxilus cornutus,136
15529,2004/08/03,Micropterus dolomieu,2.666666667
15529,2004/08/03,Salmo trutta,28.66666667
15529,2004/08/03,Salvelinus fontinalis,0.666666667
15529,2011/08/02,Ambloplites rupestris,0.476190476
15529,2011/08/02,Etheostoma olmstedi,55.71428571
15529,2011/08/02,Lepomis auritus,3.333333333
15529,2011/08/02,Lepomis macrochirus,0.952380952
15529,2011/08/02,Luxilus cornutus,202.3809524
15529,2011/08/02,Salmo trutta,24.76190476
15529,2011/08/02,Salvelinus fontinalis,3.80952381
15529,2011/08/02,Semotilus corporalis,0.476190476
15529,2016/08/25,Etheostoma olmstedi,5.263157895
15529,2016/08/25,Luxilus cornutus,92.98245614
15529,2016/08/25,Salmo trutta,15.78947368
15529,2016/08/25,Salvelinus fontinalis,2.631578947
15529,2016/08/25,Semotilus corporalis,0.877192982
15532,2004/08/17,Salvelinus fontinalis,85.71428571
15532,2006/07/14,Salvelinus fontinalis,29.42857143
15543,1993/08/05,Ameiurus nebulosus,0.666666667
15543,1993/08/05,Etheostoma olmstedi,12.66666667
15543,1993/08/05,Luxilus cornutus,35.33333333
15543,1993/08/05,Salmo trutta,48.66666667
15543,1993/08/05,Salvelinus fontinalis,21.33333333
15543,1993/08/05,Semotilus corporalis,27.33333333
15543,2009/08/04,Etheostoma olmstedi,14.85714286
15543,2009/08/04,Lepomis macrochirus,3.428571429
15543,2009/08/04,Luxilus cornutus,32
15543,2009/08/04,Salmo trutta,6.285714286
15543,2009/08/04,Salvelinus fontinalis,11.42857143
15543,2009/08/04,Semotilus corporalis,5.142857143
15543,2014/06/19,Etheostoma olmstedi,0.649350649
15543,2014/06/19,Lepomis macrochirus,1.298701299
15543,2014/06/19,Luxilus cornutus,7.792207792
15543,2014/06/19,Salvelinus fontinalis,35.71428571
15543,2014/06/19,Semotilus corporalis,5.194805195
15570,2008/07/11,Cottus cognatus,2.666666667
15570,2008/07/11,Etheostoma olmstedi,1.333333333
15570,2008/07/11,Salmo trutta,1.333333333
15570,2008/07/11,Salvelinus fontinalis,4
15570,2012/06/13,Ameiurus nebulosus,4
15570,2012/06/13,Cottus cognatus,48
15570,2012/06/13,Salmo trutta,5.333333333
15570,2012/06/13,Salvelinus fontinalis,8
15577,1991/06/24,Ameiurus nebulosus,1
15577,1991/06/24,Lepomis macrochirus,4
15577,1991/06/24,Luxilus cornutus,1
15577,1991/06/24,Salmo trutta,18
15577,1991/06/24,Salvelinus fontinalis,32
15577,2011/06/23,Anguilla rostrata,1
15577,2011/06/23,Lepomis auritus,1
15577,2011/06/23,Lepomis macrochirus,11
15577,2011/06/23,Micropterus dolomieu,3
15577,2011/06/23,Salmo trutta,12
15577,2011/06/23,Salvelinus fontinalis,9
15579,1991/07/29,Salvelinus fontinalis,50
15579,2012/06/26,Lepomis macrochirus,1.176470588
15579,2012/06/26,Salvelinus fontinalis,8.235294118
15680,1988/07/13,Salvelinus fontinalis,38
15680,2005/06/15,Salvelinus fontinalis,56.09756098
15680,2008/07/25,Ameiurus nebulosus,1.6
15680,2008/07/25,Salvelinus fontinalis,7.2
15680,2015/07/09,Salvelinus fontinalis,36
15700,1988/08/11,Ameiurus nebulosus,8
15700,1988/08/11,Etheostoma olmstedi,15
15700,1988/08/11,Luxilus cornutus,59
15700,1988/08/11,Salmo trutta,20
15700,1988/08/11,Salvelinus fontinalis,34
15700,1988/08/11,Semotilus corporalis,3
15700,2005/06/27,Ameiurus nebulosus,0.917431193
15700,2005/06/27,Luxilus cornutus,88.0733945
15700,2005/06/27,Salmo trutta,11.00917431
15700,2005/06/27,Salvelinus fontinalis,11.00917431
15701,1988/07/11,Lepomis macrochirus,1
15701,1988/07/11,Luxilus cornutus,6
15701,1988/07/11,Salmo trutta,120
15701,1988/07/11,Salvelinus fontinalis,75
15701,1988/07/11,Semotilus corporalis,1
15701,2005/06/27,Luxilus cornutus,4.098360656
15701,2005/06/27,Salmo trutta,109.8360656
15701,2005/06/27,Salvelinus fontinalis,17.21311475
15701,2012/07/18,Luxilus cornutus,32.40740741
15701,2012/07/18,Salmo trutta,145.3703704
15701,2012/07/18,Salvelinus fontinalis,9.259259259
15711,1993/08/04,Anguilla rostrata,1.333333333
15711,1993/08/04,Etheostoma olmstedi,4
15711,1993/08/04,Luxilus cornutus,0.666666667
15711,1993/08/04,Salmo trutta,11.33333333
15711,1993/08/04,Salvelinus fontinalis,12.66666667
15711,1993/08/04,Semotilus corporalis,3.333333333
15711,2005/07/13,Luxilus cornutus,1.923076923
15711,2005/07/13,Salvelinus fontinalis,23.07692308
15711,2005/07/13,Semotilus corporalis,4.487179487
15711,2009/07/27,Luxilus cornutus,2
15711,2009/07/27,Salvelinus fontinalis,3.333333333
15711,2009/07/27,Semotilus corporalis,4.666666667
15711,2014/07/08,Etheostoma olmstedi,2.962962963
15711,2014/07/08,Lepomis macrochirus,0.740740741
15711,2014/07/08,Luxilus cornutus,22.22222222
15711,2014/07/08,Salvelinus fontinalis,18.51851852
15711,2014/07/08,Semotilus corporalis,20
15730,1991/07/24,Etheostoma olmstedi,16
15730,1991/07/24,Lepomis macrochirus,2.666666667
15730,1991/07/24,Luxilus cornutus,2
15730,1991/07/24,Salmo trutta,11.33333333
15730,1991/07/24,Salvelinus fontinalis,14
15730,2018/07/09,Etheostoma olmstedi,7
15730,2018/07/09,Luxilus cornutus,1
15730,2018/07/09,Salvelinus fontinalis,2
15783,2007/06/26,Salvelinus fontinalis,21.53846154
15783,2009/06/08,Salvelinus fontinalis,4.666666667
15783,2009/06/08,Semotilus corporalis,2.666666667
15783,2010/06/07,Salvelinus fontinalis,16.1971831
15783,2010/06/07,Semotilus corporalis,1.408450704
15783,2012/07/23,Salmo trutta,1.333333333
15783,2012/07/23,Salvelinus fontinalis,66.66666667
15783,2012/07/23,Semotilus corporalis,6.666666667
15783,2014/06/20,Salvelinus fontinalis,13
15783,2014/06/20,Semotilus corporalis,1
15794,2009/09/22,Anguilla rostrata,1.333333333
15794,2009/09/22,Cottus cognatus,2.666666667
15794,2009/09/22,Etheostoma olmstedi,1
15794,2009/09/22,Salmo trutta,7.666666667
15794,2009/09/22,Salvelinus fontinalis,0.666666667
15794,2010/07/19,Anguilla rostrata,3.225806452
15794,2010/07/19,Cottus cognatus,14.83870968
15794,2010/07/19,Etheostoma olmstedi,7.741935484
15794,2010/07/19,Salmo trutta,11.61290323
15794,2010/07/19,Salvelinus fontinalis,0.64516129
15796,1993/07/14,Anguilla rostrata,33.76623377
15796,1993/07/14,Etheostoma olmstedi,33.76623377
15796,1993/07/14,Salvelinus fontinalis,31.16883117
15796,2007/06/22,Anguilla rostrata,4
15796,2007/06/22,Etheostoma olmstedi,5
15796,2007/06/22,Salvelinus fontinalis,6
15796,2010/06/30,Anguilla rostrata,10.12658228
15796,2010/06/30,Etheostoma olmstedi,13.29113924
15796,2010/06/30,Salvelinus fontinalis,4.430379747
15796,2011/07/01,Anguilla rostrata,6.12244898
15796,2011/07/01,Etheostoma olmstedi,2.040816327
15796,2011/07/01,Salvelinus fontinalis,8.843537415
15796,2011/07/01,Semotilus corporalis,6.12244898
15796,2013/07/02,Anguilla rostrata,8.536585366
15796,2013/07/02,Etheostoma olmstedi,6.097560976
15796,2013/07/02,Salvelinus fontinalis,8.536585366
15796,2015/06/03,Anguilla rostrata,0.869565217
15796,2015/06/03,Etheostoma olmstedi,4.347826087
15796,2015/06/03,Salvelinus fontinalis,9.565217391
15796,2018/06/21,Ameiurus nebulosus,1
15796,2018/06/21,Anguilla rostrata,10
15796,2018/06/21,Etheostoma olmstedi,16
15796,2018/06/21,Salvelinus fontinalis,11
15796,2018/06/21,Semotilus corporalis,4
15839,2015/06/18,Salmo trutta,2.666666667
15839,2016/08/15,Salmo trutta,6.666666667
15839,2016/08/15,Salvelinus fontinalis,0.666666667
15839,2017/06/30,Salmo trutta,0.666666667
15839,2017/06/30,Salvelinus fontinalis,32.66666667
15855,1990/07/16,Ameiurus nebulosus,2
15855,1990/07/16,Anguilla rostrata,10
15855,1990/07/16,Etheostoma olmstedi,6
15855,1990/07/16,Lepomis macrochirus,0.666666667
15855,1990/07/16,Salmo trutta,12
15855,1990/07/16,Salvelinus fontinalis,17.33333333
15855,1990/07/16,Semotilus corporalis,5.333333333
15855,2006/07/11,Anguilla rostrata,4
15855,2006/07/11,Etheostoma olmstedi,6.666666667
15855,2006/07/11,Salmo trutta,11.33333333
15855,2006/07/11,Salvelinus fontinalis,0.666666667
15855,2006/07/11,Semotilus corporalis,8.666666667
15964,2006/07/21,Anguilla rostrata,1.481481481
15964,2006/07/21,Cottus cognatus,56.2962963
15964,2006/07/21,Salmo trutta,57.77777778
15964,2006/07/21,Salvelinus fontinalis,61.48148148
15964,2008/06/17,Anguilla rostrata,0.740740741
15964,2008/06/17,Cottus cognatus,128.1481481
15964,2008/06/17,Salmo trutta,24.44444444
15964,2008/06/17,Salvelinus fontinalis,49.62962963
15964,2010/06/11,Cottus cognatus,98.82352941
15964,2010/06/11,Salmo trutta,38.82352941
15964,2010/06/11,Salvelinus fontinalis,74.11764706
15964,2017/07/21,Cottus cognatus,29.24528302
15964,2017/07/21,Lepomis macrochirus,0.943396226
15964,2017/07/21,Salmo trutta,6.603773585
15964,2017/07/21,Salvelinus fontinalis,51.88679245
15990,2006/07/13,Salvelinus fontinalis,10.90909091
15990,2014/07/02,Salvelinus fontinalis,21.77700348
15991,1988/07/14,Ameiurus nebulosus,3
15991,1988/07/14,Anguilla rostrata,6
15991,1988/07/14,Etheostoma olmstedi,103
15991,1988/07/14,Lepomis macrochirus,3
15991,1988/07/14,Salmo trutta,2
15991,1988/07/14,Salvelinus fontinalis,28
15991,1988/07/14,Semotilus corporalis,29
15991,2006/07/14,Anguilla rostrata,0.675675676
15991,2006/07/14,Cottus cognatus,2.027027027
15991,2006/07/14,Etheostoma olmstedi,4.72972973
15991,2006/07/14,Salmo trutta,0.675675676
15991,2006/07/14,Salvelinus fontinalis,10.81081081
15991,2006/07/14,Semotilus corporalis,4.72972973
15991,2012/06/14,Cottus cognatus,5
15991,2012/06/14,Etheostoma olmstedi,7
15991,2012/06/14,Lepomis macrochirus,1
15991,2012/06/14,Salvelinus fontinalis,40
15991,2012/06/14,Semotilus corporalis,12
15991,2015/07/09,Etheostoma olmstedi,8.163265306
15991,2015/07/09,Salvelinus fontinalis,78.57142857
15991,2015/07/09,Semotilus corporalis,42.85714286
15998,1991/08/27,Ameiurus nebulosus,0.952380952
15998,1991/08/27,Salmo trutta,115.2380952
15998,1991/08/27,Salvelinus fontinalis,53.33333333
15998,2006/07/20,Lepomis macrochirus,8.988764045
15998,2006/07/20,Salmo trutta,43.82022472
15998,2006/07/20,Salvelinus fontinalis,26.96629213
15998,2011/07/29,Ameiurus nebulosus,3
15998,2011/07/29,Lepomis auritus,2
15998,2011/07/29,Salmo trutta,8
15998,2011/07/29,Salvelinus fontinalis,7
16015,2006/07/31,Salvelinus fontinalis,7
16015,2006/07/31,Semotilus corporalis,1
16015,2007/08/01,Ameiurus nebulosus,2.325581395
16015,2007/08/01,Luxilus cornutus,5.813953488
16015,2007/08/01,Salvelinus fontinalis,5.813953488
16015,2007/08/01,Semotilus corporalis,91.86046512
16015,2014/07/10,Salmo trutta,4.615384615
16015,2014/07/10,Salvelinus fontinalis,10.76923077
16046,2006/09/22,Ameiurus nebulosus,1.408450704
16046,2006/09/22,Salmo trutta,2.816901408
16046,2006/09/22,Salvelinus fontinalis,34.50704225
16046,2010/06/28,Salvelinus fontinalis,182.6666667
16046,2015/09/18,Salvelinus fontinalis,101.25
16072,2007/08/02,Anguilla rostrata,2.884615385
16072,2007/08/02,Etheostoma olmstedi,2.884615385
16072,2007/08/02,Salmo trutta,0.961538462
16072,2007/08/02,Salvelinus fontinalis,25
16072,2007/08/02,Semotilus corporalis,32.69230769
16072,2010/07/23,Anguilla rostrata,1.142857143
16072,2010/07/23,Etheostoma olmstedi,1.714285714
16072,2010/07/23,Lepomis macrochirus,0.571428571
16072,2010/07/23,Luxilus cornutus,9.142857143
16072,2010/07/23,Salmo trutta,2.857142857
16072,2010/07/23,Salvelinus fontinalis,5.142857143
16072,2010/07/23,Semotilus corporalis,0.571428571
16078,2007/07/30,Salmo trutta,0.833333333
16078,2007/07/30,Salvelinus fontinalis,14.16666667
16078,2011/06/02,Salmo trutta,5.6
16078,2011/06/02,Salvelinus fontinalis,24
16079,2007/06/22,Anguilla rostrata,0.666666667
16079,2007/06/22,Etheostoma olmstedi,2
16079,2007/06/22,Salvelinus fontinalis,13.33333333
16079,2007/06/22,Semotilus corporalis,3.333333333
16079,2013/07/02,Anguilla rostrata,6.862745098
16079,2013/07/02,Etheostoma olmstedi,0.980392157
16079,2013/07/02,Lepomis macrochirus,0.980392157
16079,2013/07/02,Salvelinus fontinalis,40.19607843
16079,2013/07/02,Semotilus corporalis,0.980392157
16080,2007/06/29,Salvelinus fontinalis,18.66666667
16080,2012/06/14,Salmo trutta,1.818181818
16080,2012/06/14,Salvelinus fontinalis,49.09090909
16080,2017/06/16,Lepomis macrochirus,1.086956522
16080,2017/06/16,Salvelinus fontinalis,10.32608696
16089,2012/06/07,Anguilla rostrata,1
16089,2012/06/07,Cottus cognatus,3
16089,2012/06/07,Luxilus cornutus,4
16089,2012/06/07,Salvelinus fontinalis,1
16089,2017/07/11,Ambloplites rupestris,2.803738318
16089,2017/07/11,Cottus cognatus,20.56074766
16089,2017/07/11,Etheostoma olmstedi,1.869158879
16089,2017/07/11,Lepomis macrochirus,6.542056075
16089,2017/07/11,Luxilus cornutus,52.3364486
16089,2017/07/11,Salmo trutta,0.934579439
16089,2017/07/11,Salvelinus fontinalis,6.542056075
16106,2007/08/01,Lepomis auritus,5.217391304
16106,2007/08/01,Luxilus cornutus,126.0869565
16106,2007/08/01,Salvelinus fontinalis,17.39130435
16106,2007/08/01,Semotilus corporalis,6.956521739
16106,2010/06/01,Luxilus cornutus,7.2
16106,2010/06/01,Salmo trutta,0.8
16106,2010/06/01,Salvelinus fontinalis,8
16106,2010/06/01,Semotilus corporalis,1.6
16108,1994/06/30,Lepomis auritus,0.666666667
16108,1994/06/30,Lepomis macrochirus,0.666666667
16108,1994/06/30,Luxilus cornutus,7.333333333
16108,1994/06/30,Salmo trutta,3.333333333
16108,1994/06/30,Salvelinus fontinalis,14
16108,1994/06/30,Semotilus corporalis,20.66666667
16108,2007/08/01,Etheostoma olmstedi,3.076923077
16108,2007/08/01,Lepomis macrochirus,13.84615385
16108,2007/08/01,Luxilus cornutus,13.07692308
16108,2007/08/01,Salmo trutta,3.076923077
16108,2007/08/01,Salvelinus fontinalis,16.15384615
16108,2007/08/01,Semotilus corporalis,36.92307692
16110,2007/07/19,Anguilla rostrata,6
16110,2007/07/19,Cottus cognatus,39
16110,2007/07/19,Salvelinus fontinalis,102
16110,2010/06/02,Anguilla rostrata,4
16110,2010/06/02,Cottus cognatus,40
16110,2010/06/02,Salvelinus fontinalis,24
16110,2011/07/27,Anguilla rostrata,3.205128205
16110,2011/07/27,Cottus cognatus,22.43589744
16110,2011/07/27,Salvelinus fontinalis,17.94871795
16110,2013/06/17,Anguilla rostrata,0.666666667
16110,2013/06/17,Cottus cognatus,11.33333333
16110,2013/06/17,Etheostoma olmstedi,2.666666667
16110,2013/06/17,Lepomis macrochirus,6.666666667
16110,2013/06/17,Salvelinus fontinalis,18
16110,2016/06/16,Anguilla rostrata,1.020408163
16110,2016/06/16,Cottus cognatus,45.91836735
16110,2016/06/16,Salvelinus fontinalis,75.51020408
16110,2018/06/14,Anguilla rostrata,0.787401575
16110,2018/06/14,Cottus cognatus,36.22047244
16110,2018/06/14,Salvelinus fontinalis,104.7244094
16111,2007/07/13,Anguilla rostrata,12
16111,2007/07/13,Salmo trutta,12
16111,2007/07/13,Salvelinus fontinalis,9
16111,2011/07/18,Anguilla rostrata,18.6440678
16111,2011/07/18,Salmo trutta,3.389830508
16111,2011/07/18,Salvelinus fontinalis,1.694915254
16111,2012/06/20,Anguilla rostrata,12.72727273
16111,2012/06/20,Salmo trutta,20
16111,2012/06/20,Salvelinus fontinalis,2.727272727
16111,2016/07/20,Anguilla rostrata,5.769230769
16111,2016/07/20,Salmo trutta,5.769230769
16111,2016/07/20,Salvelinus fontinalis,25
16114,1988/06/24,Salvelinus fontinalis,164
16114,2007/06/08,Ameiurus nebulosus,0.8
16114,2007/06/08,Salvelinus fontinalis,42.4
16114,2007/06/08,Semotilus corporalis,0.8
16114,2011/07/11,Salvelinus fontinalis,26.66666667
16114,2013/07/08,Luxilus cornutus,0.675675676
16114,2013/07/08,Salvelinus fontinalis,18.24324324
16114,2016/06/10,Lepomis macrochirus,3
16114,2016/06/10,Salvelinus fontinalis,12
16114,2016/06/10,Semotilus corporalis,5
16116,1988/06/29,Salvelinus fontinalis,161
16116,2007/06/08,Salvelinus fontinalis,11.30952381
16117,1988/06/29,Ameiurus nebulosus,3
16117,1988/06/29,Luxilus cornutus,2
16117,1988/06/29,Salvelinus fontinalis,128
16117,2007/06/08,Salvelinus fontinalis,23.07692308
16121,1989/06/27,Ameiurus nebulosus,0.666666667
16121,1989/06/27,Anguilla rostrata,2.666666667
16121,1989/06/27,Luxilus cornutus,9.333333333
16121,1989/06/27,Salvelinus fontinalis,11.33333333
16121,2007/08/03,Anguilla rostrata,4
16121,2007/08/03,Salvelinus fontinalis,3
16121,2011/06/22,Anguilla rostrata,6.4
16121,2011/06/22,Luxilus cornutus,3.2
16121,2011/06/22,Salvelinus fontinalis,9.6
16122,2007/07/26,Salvelinus fontinalis,18.8034188
16122,2012/07/12,Salvelinus fontinalis,46
16122,2015/07/30,Salvelinus fontinalis,38
16123,1989/07/12,Ameiurus nebulosus,4
16123,1989/07/12,Anguilla rostrata,36
16123,1989/07/12,Salvelinus fontinalis,22
16123,2007/07/26,Anguilla rostrata,25.42372881
16123,2007/07/26,Salvelinus fontinalis,22.88135593
16124,1992/07/01,Salmo trutta,7
16124,1992/07/01,Salvelinus fontinalis,47
16124,2007/06/15,Salmo trutta,18
16124,2007/06/15,Salvelinus fontinalis,20
16124,2011/06/01,Ameiurus nebulosus,0.740740741
16124,2011/06/01,Salmo trutta,8.888888889
16124,2011/06/01,Salvelinus fontinalis,10.37037037
16124,2013/07/26,Salmo trutta,10.89108911
16124,2013/07/26,Salvelinus fontinalis,7.920792079
16124,2016/06/10,Salmo trutta,13
16124,2016/06/10,Salvelinus fontinalis,12
16124,2018/08/17,Lepomis macrochirus,0.833333333
16124,2018/08/17,Salmo trutta,6.666666667
16124,2018/08/17,Salvelinus fontinalis,1.666666667
16125,2007/06/15,Salvelinus fontinalis,38.61386139
16125,2015/07/10,Salvelinus fontinalis,66
16126,2007/07/05,Lepomis macrochirus,1.176470588
16126,2007/07/05,Salvelinus fontinalis,4.117647059
16126,2010/06/10,Luxilus cornutus,0.666666667
16126,2010/06/10,Salvelinus fontinalis,20.66666667
16126,2015/06/05,Luxilus cornutus,3
16126,2015/06/05,Salvelinus fontinalis,45
16127,2007/07/05,Salvelinus fontinalis,26
16127,2011/06/01,Salvelinus fontinalis,16.34615385
16127,2013/07/08,Lepomis macrochirus,1.98019802
16127,2013/07/08,Salvelinus fontinalis,74.25742574
16127,2016/06/10,Salvelinus fontinalis,30
16127,2018/06/22,Salvelinus fontinalis,30
16132,1990/06/27,Etheostoma olmstedi,1
16132,1990/06/27,Luxilus cornutus,10
16132,1990/06/27,Salvelinus fontinalis,8
16132,2007/07/11,Anguilla rostrata,6
16132,2007/07/11,Lepomis macrochirus,2
16132,2007/07/11,Luxilus cornutus,1
16132,2007/07/11,Salvelinus fontinalis,11
16132,2013/08/28,Etheostoma olmstedi,8.928571429
16135,2013/08/20,Lepomis auritus,11.47540984
16135,2013/08/20,Salvelinus fontinalis,116.3934426
16135,2018/08/08,Salvelinus fontinalis,65
16138,2007/07/20,Lepomis macrochirus,2.97029703
16138,2007/07/20,Salmo trutta,2.97029703
16138,2007/07/20,Salvelinus fontinalis,25.74257426
16138,2013/07/03,Salmo trutta,1.333333333
16138,2013/07/03,Salvelinus fontinalis,6
16159,2007/06/29,Salvelinus fontinalis,127.2727273
16159,2008/07/11,Salvelinus fontinalis,162.1052632
16191,1992/07/14,Ameiurus nebulosus,0.666666667
16191,1992/07/14,Etheostoma olmstedi,2.666666667
16191,1992/07/14,Luxilus cornutus,2
16191,1992/07/14,Salmo trutta,1.333333333
16191,2007/07/03,Cottus cognatus,18.8034188
16191,2007/07/03,Salvelinus fontinalis,15.38461538
16191,2010/06/10,Cottus cognatus,20
16191,2010/06/10,Salvelinus fontinalis,36
16191,2011/07/12,Ameiurus nebulosus,0.689655172
16191,2011/07/12,Cottus cognatus,20.68965517
16191,2011/07/12,Lepomis macrochirus,0.689655172
16191,2011/07/12,Salvelinus fontinalis,15.17241379
16191,2015/07/10,Cottus cognatus,35
16191,2015/07/10,Luxilus cornutus,1
16191,2015/07/10,Salvelinus fontinalis,15
16192,1993/07/01,Anguilla rostrata,1.910828025
16192,1993/07/01,Etheostoma olmstedi,44.58598726
16192,1993/07/01,Salmo trutta,70.70063694
16192,1993/07/01,Salvelinus fontinalis,61.14649682
16192,1993/07/01,Semotilus corporalis,1.27388535
16192,2006/07/24,Salmo trutta,10.66666667
16192,2006/07/24,Salvelinus fontinalis,30
16192,2011/08/05,Anguilla rostrata,4.273504274
16192,2011/08/05,Etheostoma olmstedi,5.128205128
16192,2011/08/05,Salmo trutta,81.1965812
16192,2011/08/05,Salvelinus fontinalis,117.0940171
16192,2011/08/05,Semotilus corporalis,0.854700855
16192,2012/08/03,Anguilla rostrata,2
16192,2012/08/03,Etheostoma olmstedi,2
16192,2012/08/03,Salmo trutta,26
16192,2012/08/03,Salvelinus fontinalis,18
16192,2012/08/03,Semotilus corporalis,2
16192,2014/08/01,Anguilla rostrata,7.333333333
16192,2014/08/01,Etheostoma olmstedi,3.333333333
16192,2014/08/01,Lepomis macrochirus,16
16192,2014/08/01,Salmo trutta,31.33333333
16192,2014/08/01,Salvelinus fontinalis,68.66666667
16192,2014/08/01,Semotilus corporalis,4
16258,2008/09/23,Anguilla rostrata,8.4
16258,2008/09/23,Cottus cognatus,59.2
16258,2008/09/23,Etheostoma olmstedi,2
16258,2008/09/23,Salmo trutta,0.8
16258,2008/09/23,Salvelinus fontinalis,2.8
16258,2012/07/25,Cottus cognatus,13
16258,2012/07/25,Etheostoma olmstedi,0.5
16258,2012/07/25,Salmo trutta,0.5
16258,2012/07/25,Salvelinus fontinalis,3
16271,2007/06/22,Anguilla rostrata,3.333333333
16271,2007/06/22,Cottus cognatus,24.16666667
16271,2007/06/22,Salvelinus fontinalis,74.16666667
16271,2010/08/19,Anguilla rostrata,2
16271,2010/08/19,Cottus cognatus,58
16271,2010/08/19,Salvelinus fontinalis,114
16271,2011/07/27,Anguilla rostrata,1.333333333
16271,2011/07/27,Cottus cognatus,113.3333333
16271,2011/07/27,Salvelinus fontinalis,64
16276,1993/07/13,Anguilla rostrata,13.33333333
16276,1993/07/13,Salvelinus fontinalis,60.95238095
16276,2007/08/07,Anguilla rostrata,2.298850575
16276,2007/08/07,Lepomis macrochirus,5.172413793
16276,2013/08/02,Ameiurus nebulosus,1
16276,2013/08/02,Anguilla rostrata,2
16276,2013/08/02,Lepomis auritus,1
16276,2013/08/02,Lepomis macrochirus,4
16276,2016/08/31,Ameiurus nebulosus,0.909090909
16276,2016/08/31,Anguilla rostrata,2.727272727
16276,2016/08/31,Lepomis auritus,0.909090909
16276,2016/08/31,Lepomis macrochirus,0.909090909
16288,2007/08/08,Luxilus cornutus,10.52631579
16288,2007/08/08,Salvelinus fontinalis,34.92822967
16288,2007/08/08,Semotilus corporalis,0.4784689
16288,2010/06/01,Luxilus cornutus,0.934579439
16288,2010/06/01,Salvelinus fontinalis,1.869158879
16288,2010/06/01,Semotilus corporalis,11.21495327
16288,2014/06/26,Luxilus cornutus,28.18181818
16288,2014/06/26,Semotilus corporalis,6.363636364
16295,1993/08/30,Anguilla rostrata,31.33333333
16295,1993/08/30,Etheostoma olmstedi,15.33333333
16295,1993/08/30,Lepomis macrochirus,4
16295,1993/08/30,Salmo trutta,46
16295,1993/08/30,Salvelinus fontinalis,12
16295,2009/06/26,Anguilla rostrata,0.862068966
16295,2009/06/26,Etheostoma olmstedi,0.862068966
16295,2009/06/26,Lepomis macrochirus,0.862068966
16295,2009/06/26,Salmo trutta,0.862068966
16297,1993/06/30,Anguilla rostrata,66.35514019
16297,1993/06/30,Salvelinus fontinalis,60.74766355
16297,1993/06/30,Semotilus corporalis,5.607476636
16297,2009/06/26,Anguilla rostrata,6.666666667
16297,2009/06/26,Salmo trutta,1.333333333
16297,2009/06/26,Salvelinus fontinalis,13.33333333
16297,2009/06/26,Semotilus corporalis,0.666666667
16298,1993/07/06,Anguilla rostrata,34
16298,1993/07/06,Salmo trutta,46
16298,1993/07/06,Salvelinus fontinalis,18
16298,2014/07/16,Anguilla rostrata,8.181818182
16299,2010/07/07,Ameiurus nebulosus,0.943396226
16299,2010/07/07,Salvelinus fontinalis,10.37735849
16299,2014/07/17,Anguilla rostrata,4.04040404
16299,2014/07/17,Salvelinus fontinalis,6.060606061
16300,1994/08/01,Ameiurus nebulosus,1.333333333
16300,1994/08/01,Anguilla rostrata,0.666666667
16300,1994/08/01,Etheostoma olmstedi,18.66666667
16300,1994/08/01,Lepomis macrochirus,22.66666667
16300,1994/08/01,Luxilus cornutus,11.33333333
16300,1994/08/01,Salmo trutta,0.666666667
16300,1994/08/01,Salvelinus fontinalis,18.66666667
16300,1994/08/01,Semotilus corporalis,56
16300,2008/07/07,Lepomis macrochirus,1.333333333
16300,2008/07/07,Luxilus cornutus,1.333333333
16300,2008/07/07,Salmo trutta,0.666666667
16300,2008/07/07,Salvelinus fontinalis,3.333333333
16300,2008/07/07,Semotilus corporalis,12
16306,1989/07/18,Salvelinus fontinalis,27
16306,2008/06/18,Salvelinus fontinalis,22.4
16316,2008/06/17,Anguilla rostrata,1.6
16316,2008/06/17,Salvelinus fontinalis,10.4
16316,2012/06/13,Anguilla rostrata,1
16316,2012/06/13,Salvelinus fontinalis,36
16316,2017/07/31,Anguilla rostrata,0.943396226
16316,2017/07/31,Salvelinus fontinalis,12.26415094
16328,1992/07/28,Salmo trutta,2.857142857
16328,1992/07/28,Salvelinus fontinalis,56.19047619
16328,2008/08/28,Salvelinus fontinalis,12.14953271
16330,2009/09/24,Salmo trutta,16
16330,2009/09/24,Salvelinus fontinalis,26.66666667
16330,2010/06/21,Salmo trutta,16
16330,2010/06/21,Salvelinus fontinalis,26.66666667
16331,2009/07/17,Salvelinus fontinalis,5
16331,2012/06/22,Anguilla rostrata,0.78125
16331,2012/06/22,Salvelinus fontinalis,18.75
16331,2017/06/08,Lepomis macrochirus,0.925925926
16331,2017/06/08,Salvelinus fontinalis,5.555555556
16348,2010/06/04,Anguilla rostrata,1.851851852
16348,2010/06/04,Lepomis macrochirus,5.555555556
16348,2010/06/04,Salvelinus fontinalis,20.37037037
16348,2012/08/01,Ameiurus nebulosus,10
16348,2012/08/01,Anguilla rostrata,8
16348,2012/08/01,Lepomis auritus,6
16348,2012/08/01,Lepomis macrochirus,4
16348,2012/08/01,Salvelinus fontinalis,8
16373,2008/07/11,Anguilla rostrata,1.481481481
16373,2008/07/11,Cottus cognatus,25.92592593
16373,2008/07/11,Salmo trutta,1.481481481
16373,2008/07/11,Salvelinus fontinalis,17.03703704
16373,2012/06/13,Cottus cognatus,171
16373,2012/06/13,Salmo trutta,38
16373,2012/06/13,Salvelinus fontinalis,34
16377,1988/06/22,Anguilla rostrata,1
16377,1988/06/22,Cottus cognatus,79
16377,1988/06/22,Luxilus cornutus,2
16377,1988/06/22,Salmo trutta,24
16377,1988/06/22,Salvelinus fontinalis,128
16377,1988/06/22,Semotilus corporalis,15
16377,2008/07/14,Anguilla rostrata,0.793650794
16377,2008/07/14,Cottus cognatus,1.587301587
16377,2008/07/14,Luxilus cornutus,3.968253968
16377,2008/07/14,Salvelinus fontinalis,9.523809524
16377,2012/06/07,Cottus cognatus,14.81481481
16377,2012/06/07,Luxilus cornutus,2.777777778
16377,2012/06/07,Salvelinus fontinalis,15.74074074
16381,2008/07/18,Salvelinus fontinalis,21
16381,2014/08/18,Etheostoma olmstedi,1.369863014
16381,2014/08/18,Salvelinus fontinalis,38.35616438
16383,2008/07/18,Luxilus cornutus,14
16383,2008/07/18,Salvelinus fontinalis,20
16383,2012/06/13,Etheostoma olmstedi,0.740740741
16383,2012/06/13,Luxilus cornutus,2.222222222
16383,2012/06/13,Salmo trutta,2.962962963
16383,2012/06/13,Salvelinus fontinalis,24.44444444
16385,1988/09/07,Salvelinus fontinalis,44
16385,2008/07/25,Salvelinus fontinalis,14
16385,2010/06/03,Salvelinus fontinalis,25
16385,2012/06/07,Salvelinus fontinalis,82
16387,2008/07/25,Salvelinus fontinalis,9.473684211
16387,2011/07/19,Salvelinus fontinalis,8.860759494
16387,2012/06/27,Ameiurus nebulosus,2.105263158
16387,2012/06/27,Salvelinus fontinalis,30.52631579
16387,2014/07/07,Salvelinus fontinalis,15.2866242
16393,1988/06/15,Salvelinus fontinalis,470
16393,2008/07/25,Etheostoma olmstedi,2.307692308
16393,2008/07/25,Lepomis macrochirus,0.769230769
16393,2008/07/25,Salvelinus fontinalis,18.46153846
16416,1994/08/15,Ameiurus nebulosus,0.666666667
16416,1994/08/15,Lepomis macrochirus,4
16416,1994/08/15,Salmo trutta,34.66666667
16416,1994/08/15,Salvelinus fontinalis,32.66666667
16416,2009/06/01,Salmo trutta,10.90909091
16416,2009/06/01,Salvelinus fontinalis,21.21212121
16416,2014/08/29,Salmo trutta,10.36757776
16416,2014/08/29,Salvelinus fontinalis,47.12535344
16431,1991/07/22,Etheostoma olmstedi,2.941176471
16431,1991/07/22,Lepomis macrochirus,1.176470588
16431,1991/07/22,Luxilus cornutus,14.70588235
16431,1991/07/22,Salmo trutta,58.23529412
16431,1991/07/22,Salvelinus fontinalis,4.705882353
16431,2011/06/30,Etheostoma olmstedi,0.571428571
16431,2011/06/30,Lepomis macrochirus,7.428571429
16431,2011/06/30,Salmo trutta,8.571428571
16431,2011/06/30,Salvelinus fontinalis,1.142857143
16431,2016/07/14,Cottus cognatus,262.2641509
16431,2016/07/14,Salmo trutta,0.943396226
16431,2016/07/14,Salvelinus fontinalis,0.943396226
16472,1993/06/21,Anguilla rostrata,66.66666667
16472,1993/06/21,Etheostoma olmstedi,15.33333333
16472,1993/06/21,Lepomis macrochirus,10
16472,1993/06/21,Luxilus cornutus,5.333333333
16472,1993/06/21,Salvelinus fontinalis,20
16472,1993/06/21,Semotilus corporalis,18.66666667
16472,2010/09/15,Ameiurus nebulosus,1.785714286
16472,2010/09/15,Anguilla rostrata,19.64285714
16472,2010/09/15,Lepomis macrochirus,5.357142857
16484,1993/07/13,Salvelinus fontinalis,184.9056604
16484,2010/07/20,Lepomis macrochirus,2.027027027
16484,2010/07/20,Salvelinus fontinalis,5.405405405
16498,1992/07/28,Lepomis macrochirus,5
16498,1992/07/28,Salvelinus fontinalis,12
16502,1988/08/05,Anguilla rostrata,1
16502,1988/08/05,Salmo trutta,187
16502,1988/08/05,Salvelinus fontinalis,11
16502,2012/06/27,Salmo trutta,17.33333333
16502,2012/06/27,Salvelinus fontinalis,83.33333333
16502,2016/07/08,Salmo trutta,9.708737864
16502,2016/07/08,Salvelinus fontinalis,37.86407767
16512,1989/08/18,Salvelinus fontinalis,6.542056075
16512,2011/08/11,Lepomis macrochirus,6
16512,2011/08/11,Salmo trutta,1
16512,2011/08/11,Salvelinus fontinalis,10
16525,1992/06/26,Salvelinus fontinalis,43
16525,2011/06/22,Salmo trutta,53.90625
16525,2011/06/22,Salvelinus fontinalis,4.6875
16527,1992/06/29,Salvelinus fontinalis,58.0952381
16527,2011/06/01,Salvelinus fontinalis,17.85714286
16528,1990/07/06,Lepomis macrochirus,43
16528,1990/07/06,Salvelinus fontinalis,101
16528,2013/07/25,Anguilla rostrata,2
16528,2013/07/25,Lepomis macrochirus,59
16528,2013/07/25,Salvelinus fontinalis,101
16532,1994/08/10,Salvelinus fontinalis,36
16532,2011/08/22,Salvelinus fontinalis,28
16535,1989/06/27,Anguilla rostrata,4
16535,1989/06/27,Salvelinus fontinalis,96
16535,2007/06/21,Anguilla rostrata,0.970873786
16535,2007/06/21,Salvelinus fontinalis,59.22330097
16535,2012/07/12,Salvelinus fontinalis,61
16539,1988/06/21,Salvelinus fontinalis,15
16539,2017/07/17,Salvelinus fontinalis,55
16548,1994/07/14,Lepomis macrochirus,1
16548,1994/07/14,Salvelinus fontinalis,17
16548,2016/07/13,Salvelinus fontinalis,14
16565,1994/06/23,Salvelinus fontinalis,300
16565,2015/07/15,Semotilus corporalis,7.692307692
16581,1994/08/01,Salvelinus fontinalis,10
16583,1990/07/06,Anguilla rostrata,6
16583,1990/07/06,Lepomis auritus,2
16583,1990/07/06,Luxilus cornutus,2
16583,1990/07/06,Salmo trutta,22
16583,1990/07/06,Salvelinus fontinalis,19
16583,2013/08/15,Anguilla rostrata,1.818181818
16583,2013/08/15,Etheostoma olmstedi,3.636363636
16583,2013/08/15,Luxilus cornutus,36.36363636
16583,2013/08/15,Salvelinus fontinalis,7.272727273
16583,2014/07/16,Anguilla rostrata,1.052631579
16583,2014/07/16,Luxilus cornutus,2.105263158
16583,2014/07/16,Salvelinus fontinalis,8.421052632
16583,2017/07/10,Anguilla rostrata,0.909090909
16583,2017/07/10,Luxilus cornutus,36.36363636
16594,1993/06/24,Anguilla rostrata,6.666666667
16594,1993/06/24,Etheostoma olmstedi,6.666666667
16594,1993/06/24,Salmo trutta,10
16594,1993/06/24,Salvelinus fontinalis,190
16594,2010/07/16,Anguilla rostrata,3.191489362
16594,2010/07/16,Etheostoma olmstedi,6.382978723
16594,2010/07/16,Lepomis macrochirus,1.063829787
16594,2010/07/16,Salmo trutta,1.063829787
16594,2010/07/16,Salvelinus fontinalis,71.27659574
16594,2012/08/20,Anguilla rostrata,6
16594,2012/08/20,Etheostoma olmstedi,6
16594,2012/08/20,Lepomis macrochirus,20
16594,2012/08/20,Salvelinus fontinalis,44
16594,2013/08/02,Anguilla rostrata,4
16594,2013/08/02,Etheostoma olmstedi,1
16594,2013/08/02,Salvelinus fontinalis,25
16595,1989/07/06,Lepomis macrochirus,12
16595,1989/07/06,Salvelinus fontinalis,96
16595,2012/07/13,Salvelinus fontinalis,35.71428571
16599,1991/08/28,Lepomis macrochirus,2
16599,1991/08/28,Salmo trutta,16
16599,1991/08/28,Salvelinus fontinalis,10
16599,2015/06/26,Salmo trutta,35
16607,1993/06/30,Ameiurus nebulosus,4
16607,1993/06/30,Etheostoma olmstedi,3
16607,1993/06/30,Salvelinus fontinalis,58
16607,2015/06/26,Etheostoma olmstedi,3.03030303
16609,1993/07/06,Salvelinus fontinalis,183
16609,2010/06/30,Salvelinus fontinalis,94.64285714
16610,1992/07/20,Lepomis macrochirus,7
16610,1992/07/20,Salvelinus fontinalis,28
16610,2015/08/07,Salvelinus fontinalis,2.97029703
16623,1992/07/13,Ameiurus nebulosus,2
16623,1992/07/13,Salvelinus fontinalis,62
16623,2013/06/06,Luxilus cornutus,5.194805195
16623,2013/06/06,Salvelinus fontinalis,27.27272727
16645,1993/07/06,Salmo trutta,2
16645,1993/07/06,Salvelinus fontinalis,52
16645,2013/07/10,Anguilla rostrata,6
16645,2013/07/10,Salmo trutta,64
16645,2013/07/10,Salvelinus fontinalis,10
16661,1993/06/29,Anguilla rostrata,40
16661,1993/06/29,Etheostoma olmstedi,43
16661,1993/06/29,Salvelinus fontinalis,16
16661,2010/08/16,Anguilla rostrata,56
16661,2010/08/16,Etheostoma olmstedi,12
16661,2010/08/16,Salvelinus fontinalis,4
16668,1993/07/01,Etheostoma olmstedi,26
16668,1993/07/01,Salmo trutta,6
16668,1993/07/01,Salvelinus fontinalis,18
16668,2012/08/17,Etheostoma olmstedi,16
16668,2012/08/17,Salmo trutta,2
16668,2012/08/17,Salvelinus fontinalis,2
16677,1989/07/06,Anguilla rostrata,22
16677,1989/07/06,Etheostoma olmstedi,6
16677,1989/07/06,Lepomis macrochirus,2
16677,1989/07/06,Salvelinus fontinalis,4
16677,2014/07/23,Anguilla rostrata,4
16677,2014/07/23,Etheostoma olmstedi,11
16677,2014/07/23,Salvelinus fontinalis,12
16679,1993/07/19,Salvelinus fontinalis,28
16679,1993/07/19,Semotilus corporalis,7
16679,2014/07/08,Ameiurus nebulosus,12
16679,2014/07/08,Semotilus corporalis,12.8
16688,1991/07/01,Exoglossum maxillingua,10
16688,1991/07/01,Salvelinus fontinalis,225
16688,2011/07/28,Exoglossum maxillingua,1.19047619
16688,2011/07/28,Salvelinus fontinalis,35.71428571
16692,1993/06/16,Salvelinus fontinalis,28
16693,1991/07/16,Ameiurus nebulosus,1
16693,1991/07/16,Etheostoma olmstedi,8
16693,1991/07/16,Salmo trutta,83
16693,1991/07/16,Salvelinus fontinalis,1
16693,2015/06/24,Salvelinus fontinalis,23.30097087
16696,1991/07/22,Salvelinus fontinalis,101
16696,2015/06/25,Salmo trutta,2
16696,2015/06/25,Salvelinus fontinalis,15
16697,1994/06/30,Salvelinus fontinalis,127.7777778
16697,2013/06/28,Salvelinus fontinalis,41.81818182
16697,2018/06/27,Salvelinus fontinalis,29.56521739
16699,1994/07/20,Lepomis macrochirus,16
16699,1994/07/20,Salvelinus fontinalis,68
16699,2016/07/07,Salvelinus fontinalis,5.825242718
16705,1994/06/20,Salvelinus fontinalis,14
16705,2009/07/02,Luxilus cornutus,14
16714,1992/07/13,Ameiurus nebulosus,0.943396226
16714,1992/07/13,Lepomis macrochirus,0.943396226
16714,1992/07/13,Salvelinus fontinalis,16.98113208
16714,2016/07/12,Salvelinus fontinalis,10
16726,1992/07/21,Ameiurus nebulosus,8
16726,1992/07/21,Salvelinus fontinalis,7
16726,2016/06/28,Salvelinus fontinalis,30
16730,1988/08/25,Ameiurus nebulosus,26
16730,1988/08/25,Salvelinus fontinalis,3
16730,2013/06/21,Salvelinus fontinalis,40
16731,1990/06/20,Anguilla rostrata,15
16731,1990/06/20,Etheostoma olmstedi,3
16731,1990/06/20,Salvelinus fontinalis,195
16731,2012/06/25,Anguilla rostrata,7.086614173
16731,2012/06/25,Exoglossum maxillingua,0.787401575
16731,2012/06/25,Salvelinus fontinalis,27.55905512
16735,1994/08/04,Salvelinus fontinalis,10
16747,1992/08/12,Cottus cognatus,1.333333333
16747,1992/08/12,Luxilus cornutus,48
16747,1992/08/12,Salvelinus fontinalis,46.66666667
16747,2011/07/21,Luxilus cornutus,89.84375
16747,2011/07/21,Salvelinus fontinalis,4.6875
16758,1988/06/22,Ameiurus nebulosus,1.724137931
16758,1988/06/22,Anguilla rostrata,1.724137931
16758,1988/06/22,Salmo trutta,2.586206897
16758,1988/06/22,Salvelinus fontinalis,42.24137931
16758,2012/06/27,Ameiurus nebulosus,1.818181818
16758,2012/06/27,Lepomis macrochirus,1.818181818
16758,2012/06/27,Salvelinus fontinalis,60
16758,2015/07/09,Salvelinus fontinalis,39.13043478
16761,1989/06/28,Anguilla rostrata,20
16761,1989/06/28,Salvelinus fontinalis,142
16761,2012/08/08,Anguilla rostrata,18.66666667
16761,2012/08/08,Salvelinus fontinalis,50.66666667
16761,2013/08/08,Salvelinus fontinalis,65
16761,2017/08/03,Salvelinus fontinalis,40
16786,1993/06/24,Anguilla rostrata,34.5323741
16786,1993/06/24,Etheostoma olmstedi,21.58273381
16786,1993/06/24,Salvelinus fontinalis,184.8920863
16786,1993/06/24,Semotilus corporalis,0.71942446
16786,2010/07/27,Anguilla rostrata,9.900990099
16786,2010/07/27,Etheostoma olmstedi,6.930693069
16786,2010/07/27,Luxilus cornutus,1.98019802
16786,2010/07/27,Salvelinus fontinalis,63.36633663
16786,2010/07/27,Semotilus corporalis,46.53465347
16786,2013/08/19,Anguilla rostrata,12.14953271
16786,2013/08/19,Etheostoma olmstedi,6.542056075
16786,2013/08/19,Luxilus cornutus,0.934579439
16786,2013/08/19,Salvelinus fontinalis,15.88785047
16786,2013/08/19,Semotilus corporalis,114.953271
16786,2014/08/01,Anguilla rostrata,27.83505155
16786,2014/08/01,Etheostoma olmstedi,10.30927835
16786,2014/08/01,Salvelinus fontinalis,32.98969072
16786,2014/08/01,Semotilus corporalis,47.42268041
16787,1993/06/24,Anguilla rostrata,7.272727273
16787,1993/06/24,Salvelinus fontinalis,100
16787,2016/08/24,Anguilla rostrata,8
16787,2016/08/24,Etheostoma olmstedi,5
16787,2016/08/24,Lepomis macrochirus,1
16787,2016/08/24,Salvelinus fontinalis,7
16787,2016/08/24,Semotilus corporalis,82
16793,2011/07/19,Salvelinus fontinalis,50
16809,1993/08/02,Etheostoma olmstedi,4.666666667
16809,1993/08/02,Luxilus cornutus,44.66666667
16809,1993/08/02,Salvelinus fontinalis,8
16809,1993/08/02,Semotilus corporalis,77.33333333
16809,2016/08/08,Etheostoma olmstedi,2.666666667
16809,2016/08/08,Luxilus cornutus,51.33333333
16809,2016/08/08,Salvelinus fontinalis,14
16809,2016/08/08,Semotilus corporalis,37.33333333
16819,1993/07/12,Ameiurus nebulosus,1
16819,1993/07/12,Salvelinus fontinalis,118
16819,2011/07/29,Lepomis macrochirus,34.7826087
16819,2011/07/29,Salmo trutta,1.449275362
16819,2011/07/29,Salvelinus fontinalis,105.7971014
16819,2014/06/26,Salvelinus fontinalis,63.55140187
16831,1994/07/14,Salvelinus fontinalis,144
16831,2011/08/22,Salvelinus fontinalis,2
16831,2011/08/22,Semotilus corporalis,22
16836,1993/07/22,Anguilla rostrata,3.333333333
16836,1993/07/22,Cottus cognatus,90.66666667
16836,1993/07/22,Etheostoma olmstedi,5.333333333
16836,1993/07/22,Luxilus cornutus,26.66666667
16836,1993/07/22,Salmo trutta,64
16836,1993/07/22,Salvelinus fontinalis,3.333333333
16836,1993/07/22,Semotilus corporalis,44.66666667
16836,2011/08/01,Ameiurus natalis,1.052631579
16836,2011/08/01,Anguilla rostrata,3.157894737
16836,2011/08/01,Cottus cognatus,14.73684211
16836,2011/08/01,Etheostoma olmstedi,8.421052632
16836,2011/08/01,Lepomis macrochirus,1.052631579
16836,2011/08/01,Luxilus cornutus,12.63157895
16836,2011/08/01,Salmo trutta,44.21052632
16836,2011/08/01,Semotilus corporalis,34.73684211
16836,2012/07/30,Anguilla rostrata,2
16836,2012/07/30,Cottus cognatus,14
16836,2012/07/30,Luxilus cornutus,20
16836,2012/07/30,Salmo trutta,57
16836,2012/07/30,Salvelinus fontinalis,10
16836,2012/07/30,Semotilus corporalis,11
16836,2014/07/28,Anguilla rostrata,9
16836,2014/07/28,Cottus cognatus,13
16836,2014/07/28,Etheostoma olmstedi,2
16836,2014/07/28,Salmo trutta,37
16836,2014/07/28,Salvelinus fontinalis,6
16836,2014/07/28,Semotilus corporalis,13
16843,1992/07/13,Luxilus cornutus,14
16843,1992/07/13,Salmo trutta,2.666666667
16843,1992/07/13,Salvelinus fontinalis,4.666666667
16843,2015/07/16,Luxilus cornutus,22.13114754
16843,2015/07/16,Salvelinus fontinalis,33.60655738
16852,1993/08/03,Anguilla rostrata,5.185185185
16852,1993/08/03,Etheostoma olmstedi,12.59259259
16852,1993/08/03,Salvelinus fontinalis,22.22222222
16852,1993/08/03,Semotilus corporalis,52.59259259
16852,2008/08/07,Ameiurus nebulosus,1.666666667
16852,2008/08/07,Anguilla rostrata,3.333333333
16852,2008/08/07,Etheostoma olmstedi,5
16852,2008/08/07,Salvelinus fontinalis,8.333333333
16852,2008/08/07,Semotilus corporalis,115
16852,2014/08/28,Anguilla rostrata,2.195389682
16852,2014/08/28,Etheostoma olmstedi,13.17233809
16852,2014/08/28,Luxilus cornutus,2.195389682
16852,2014/08/28,Salvelinus fontinalis,3.293084523
16852,2014/08/28,Semotilus corporalis,74.64324918
16854,1989/07/31,Salvelinus fontinalis,2
16854,2007/06/22,Salvelinus fontinalis,18
16857,1992/06/25,Ameiurus nebulosus,5
16857,1992/06/25,Lepomis macrochirus,5
16857,1992/06/25,Luxilus cornutus,5
16857,1992/06/25,Salvelinus fontinalis,19
16857,2015/07/16,Ameiurus nebulosus,2.469135802
16857,2015/07/16,Luxilus cornutus,46.91358025
16857,2015/07/16,Salvelinus fontinalis,9.87654321
16862,1991/06/26,Ameiurus nebulosus,8
16862,1991/06/26,Salvelinus fontinalis,44
16862,2016/07/19,Salvelinus fontinalis,27.69230769
16863,1991/08/15,Lepomis macrochirus,1
16863,1991/08/15,Salvelinus fontinalis,201
16863,2017/07/28,Lepomis macrochirus,10.47619048
16863,2017/07/28,Salvelinus fontinalis,18.0952381
16876,1993/08/02,Salvelinus fontinalis,40
16879,1989/09/27,Anguilla rostrata,38
16879,1989/09/27,Salvelinus fontinalis,16
16879,2012/06/26,Anguilla rostrata,2
16879,2012/06/26,Lepomis macrochirus,8
16879,2012/06/26,Salvelinus fontinalis,74
16879,2012/06/26,Semotilus corporalis,6
16898,1988/09/26,Anguilla rostrata,5
16898,1988/09/26,Salmo trutta,1
16898,1988/09/26,Salvelinus fontinalis,116
16898,2012/06/27,Anguilla rostrata,1
16898,2012/06/27,Salmo trutta,21
16898,2012/06/27,Salvelinus fontinalis,73
16913,1990/07/31,Anguilla rostrata,2
16913,1990/07/31,Salvelinus fontinalis,72
16913,2010/06/04,Salvelinus fontinalis,32
16913,2011/06/30,Anguilla rostrata,14.66666667
16913,2011/06/30,Lepomis macrochirus,5.333333333
16913,2011/06/30,Salvelinus fontinalis,5.333333333
16921,1991/09/19,Luxilus cornutus,1
16921,1991/09/19,Salmo trutta,24
16921,1991/09/19,Salvelinus fontinalis,22
16921,2015/07/06,Luxilus cornutus,6
16921,2015/07/06,Salmo trutta,13
16921,2015/07/06,Salvelinus fontinalis,4
16922,1992/07/07,Salmo trutta,1
16922,1992/07/07,Salvelinus fontinalis,22
16922,2009/08/24,Salvelinus fontinalis,100
16922,2011/07/11,Salvelinus fontinalis,15.55555556
16926,1993/07/15,Salvelinus fontinalis,20
16926,2007/07/02,Salvelinus fontinalis,16
16926,2017/07/19,Salvelinus fontinalis,2
16928,1993/07/19,Etheostoma olmstedi,13
16928,1993/07/19,Salvelinus fontinalis,58
16928,2013/06/24,Etheostoma olmstedi,3.846153846
16928,2013/06/24,Lepomis macrochirus,1.923076923
16928,2015/07/08,Ameiurus natalis,3
16928,2015/07/08,Anguilla rostrata,8
16928,2015/07/08,Etheostoma olmstedi,16
16928,2015/07/08,Lepomis macrochirus,1
16928,2015/07/08,Luxilus cornutus,1
16928,2015/07/08,Semotilus corporalis,4
16930,1993/06/28,Anguilla rostrata,28.66666667
16930,1993/06/28,Salmo trutta,50
16930,1993/06/28,Salvelinus fontinalis,20
16930,2010/07/16,Anguilla rostrata,8.02919708
16930,2010/07/16,Salmo trutta,20.4379562
16930,2010/07/16,Salvelinus fontinalis,1.459854015
16930,2012/08/10,Anguilla rostrata,16
16930,2012/08/10,Salmo trutta,42
16932,1993/08/04,Ameiurus nebulosus,1
16932,1993/08/04,Salvelinus fontinalis,33
16932,1993/08/04,Semotilus corporalis,1
16932,2010/07/23,Etheostoma olmstedi,1.515151515
16932,2010/07/23,Salvelinus fontinalis,31.06060606
16932,2010/07/23,Semotilus corporalis,14.39393939
16933,1988/09/27,Salvelinus fontinalis,92
16933,2015/07/09,Salvelinus fontinalis,100
16944,1994/06/27,Anguilla rostrata,0.892857143
16944,1994/06/27,Etheostoma olmstedi,15.17857143
16944,1994/06/27,Lepomis auritus,3.571428571
16944,1994/06/27,Lepomis macrochirus,0.892857143
16944,1994/06/27,Salvelinus fontinalis,15.17857143
16944,2014/07/15,Etheostoma olmstedi,25.86206897
16944,2015/06/04,Ameiurus nebulosus,0.980392157
16944,2015/06/04,Etheostoma olmstedi,0.980392157
16944,2015/06/04,Luxilus cornutus,0.980392157
16965,1992/08/17,Salvelinus fontinalis,106
16965,2017/08/07,Salvelinus fontinalis,1.666666667
16967,1989/06/26,Anguilla rostrata,1
16967,1989/06/26,Etheostoma olmstedi,1
16967,2012/08/20,Anguilla rostrata,23.07692308
16967,2012/08/20,Etheostoma olmstedi,32.69230769
16967,2012/08/20,Salvelinus fontinalis,13.46153846
16972,1991/07/11,Etheostoma olmstedi,2
16972,1991/07/11,Salvelinus fontinalis,60
16972,2015/07/02,Salvelinus fontinalis,27
16992,2007/08/17,Anguilla rostrata,13.33333333
16992,2007/08/17,Etheostoma olmstedi,44.16666667
16992,2007/08/17,Salvelinus fontinalis,3.333333333
16992,2014/08/01,Anguilla rostrata,1.282051282
16992,2014/08/01,Etheostoma olmstedi,3.418803419
16992,2014/08/01,Lepomis macrochirus,0.427350427
16992,2014/08/01,Luxilus cornutus,5.128205128
16992,2014/08/01,Salmo trutta,3.846153846
16992,2014/08/01,Salvelinus fontinalis,33.33333333
16992,2014/08/01,Semotilus corporalis,1.709401709
16994,1990/07/17,Anguilla rostrata,5
16994,1990/07/17,Lepomis macrochirus,9
16994,1990/07/17,Salvelinus fontinalis,62
16994,2012/08/30,Salmo trutta,4
16994,2012/08/30,Salvelinus fontinalis,26
17000,1993/06/14,Anguilla rostrata,30
17000,1993/06/14,Etheostoma olmstedi,38
17000,1993/06/14,Salvelinus fontinalis,148
17000,2010/07/26,Anguilla rostrata,60.37735849
17000,2010/07/26,Etheostoma olmstedi,3.773584906
17002,2009/06/17,Anguilla rostrata,1
17002,2012/07/12,Salvelinus fontinalis,57.31707317
17013,1993/07/08,Anguilla rostrata,2
17013,1993/07/08,Salvelinus fontinalis,88
17014,1994/06/15,Salvelinus fontinalis,1
17014,2017/07/13,Salvelinus fontinalis,18.75
17026,1994/08/25,Salvelinus fontinalis,16
17026,1994/08/25,Semotilus corporalis,62
17026,2014/07/15,Etheostoma olmstedi,5.454545455
17026,2014/07/15,Luxilus cornutus,16.36363636
17026,2014/07/15,Salvelinus fontinalis,40
17026,2014/07/15,Semotilus corporalis,20
17028,1994/08/04,Salvelinus fontinalis,62
17028,2014/07/31,Salvelinus fontinalis,96
17035,1991/08/22,Salvelinus fontinalis,62
17035,2016/07/29,Salvelinus fontinalis,24
17088,1988/08/04,Salvelinus fontinalis,118
17088,2012/06/07,Salvelinus fontinalis,48
17088,2016/07/11,Salvelinus fontinalis,70.90909091
17092,1993/08/09,Etheostoma olmstedi,3
17092,1993/08/09,Salvelinus fontinalis,154
17092,2015/08/27,Etheostoma olmstedi,1
17092,2015/08/27,Lepomis macrochirus,1
17092,2015/08/27,Salvelinus fontinalis,42
17112,1994/06/21,Salvelinus fontinalis,128
17112,2017/09/01,Lepomis macrochirus,1.470588235
17120,1991/06/26,Ameiurus nebulosus,2
17120,1991/06/26,Salvelinus fontinalis,22
17125,1991/08/07,Salvelinus fontinalis,59.33333333
17125,2014/07/24,Salvelinus fontinalis,2
17129,1991/08/22,Salvelinus fontinalis,24
17129,2012/08/21,Salvelinus fontinalis,31.57894737
17130,1991/07/09,Salvelinus fontinalis,42
17133,1991/07/30,Salvelinus fontinalis,60
17133,2016/08/04,Salvelinus fontinalis,30
17134,1991/07/30,Salvelinus fontinalis,192
17134,2016/08/04,Salvelinus fontinalis,1.818181818
17147,1992/06/25,Salvelinus fontinalis,88
17147,2015/07/16,Salvelinus fontinalis,92.1875
17148,1992/07/28,Cottus cognatus,129
17148,1992/07/28,Salvelinus fontinalis,183
17148,2011/07/12,Ameiurus nebulosus,1.587301587
17148,2011/07/12,Cottus cognatus,3.174603175
17148,2011/07/12,Lepomis macrochirus,7.936507937
17148,2011/07/12,Salvelinus fontinalis,69.84126984
17148,2014/08/18,Cottus cognatus,22.22222222
17148,2014/08/18,Lepomis macrochirus,1.234567901
17148,2014/08/18,Salvelinus fontinalis,146.9135802
17151,1992/08/12,Salvelinus fontinalis,57.14285714
17155,1992/07/08,Lepomis macrochirus,1.388888889
17155,1992/07/08,Salvelinus fontinalis,116.6666667
17155,2007/08/09,Salvelinus fontinalis,10
17157,1992/08/20,Ameiurus nebulosus,2
17157,1992/08/20,Luxilus cornutus,8
17157,1992/08/20,Salvelinus fontinalis,50
17166,1990/06/25,Salvelinus fontinalis,86
17166,2008/06/30,Salvelinus fontinalis,5.454545455
17167,1992/07/15,Ameiurus nebulosus,6
17167,1992/07/15,Salmo trutta,44.66666667
17167,1992/07/15,Salvelinus fontinalis,16.66666667
17167,2011/06/28,Salmo trutta,10.66666667
17167,2011/06/28,Salvelinus fontinalis,4.666666667
17167,2012/06/26,Micropterus dolomieu,0.666666667
17167,2012/06/26,Salmo trutta,44.66666667
17167,2012/06/26,Salvelinus fontinalis,17.33333333
17167,2013/07/15,Salmo trutta,17.33333333
17167,2013/07/15,Salvelinus fontinalis,7.333333333
17167,2014/06/23,Salmo trutta,43.33333333
17167,2014/06/23,Salvelinus fontinalis,8.666666667
17167,2015/07/07,Salmo trutta,25.33333333
17167,2015/07/07,Salvelinus fontinalis,6.666666667
17167,2016/08/29,Lepomis macrochirus,0.666666667
17167,2016/08/29,Salmo trutta,49.33333333
17167,2016/08/29,Salvelinus fontinalis,24.66666667
17167,2017/07/03,Lepomis macrochirus,4.666666667
17167,2017/07/03,Salmo trutta,20.66666667
17167,2017/07/03,Salvelinus fontinalis,6
17169,1993/07/29,Anguilla rostrata,3.333333333
17169,1993/07/29,Etheostoma olmstedi,13.33333333
17169,1993/07/29,Salmo trutta,12.22222222
17169,1993/07/29,Salvelinus fontinalis,114.4444444
17169,1993/07/29,Semotilus corporalis,28.88888889
17169,2014/07/17,Etheostoma olmstedi,4.716981132
17169,2014/07/17,Lepomis macrochirus,0.943396226
17169,2014/07/17,Salvelinus fontinalis,33.01886792
17179,1992/08/10,Ameiurus nebulosus,2
17179,1992/08/10,Etheostoma olmstedi,9.333333333
17179,1992/08/10,Lepomis macrochirus,0.666666667
17179,1992/08/10,Luxilus cornutus,18
17179,1992/08/10,Salvelinus fontinalis,18
17179,2015/08/07,Ameiurus nebulosus,5.084745763
17179,2015/08/07,Etheostoma olmstedi,7.627118644
17179,2015/08/07,Lepomis macrochirus,0.847457627
17179,2015/08/07,Salvelinus fontinalis,5.084745763
17183,1992/08/25,Salvelinus fontinalis,20
17186,1991/07/30,Lepomis macrochirus,1.941747573
17186,1991/07/30,Salmo trutta,10.67961165
17186,1991/07/30,Salvelinus fontinalis,4.854368932
17186,2010/06/21,Salmo trutta,24
17186,2010/06/21,Salvelinus fontinalis,11.33333333
17186,2012/06/26,Salmo trutta,62
17186,2012/06/26,Salvelinus fontinalis,6
17186,2014/07/24,Luxilus cornutus,1.941747573
17186,2014/07/24,Salmo trutta,5.825242718
17186,2014/07/24,Salvelinus fontinalis,2.912621359
17186,2017/08/08,Salmo trutta,2
17186,2017/08/08,Salvelinus fontinalis,1.333333333
17187,1993/07/14,Anguilla rostrata,14
17187,1993/07/14,Etheostoma olmstedi,8
17187,1993/07/14,Salvelinus fontinalis,76
17187,2017/07/28,Anguilla rostrata,18.66666667
17187,2017/07/28,Etheostoma olmstedi,14
17187,2017/07/28,Salvelinus fontinalis,12.66666667
17187,2017/07/28,Semotilus corporalis,0.666666667
17188,1994/07/11,Ameiurus natalis,2
17188,1994/07/11,Anguilla rostrata,1.333333333
17188,1994/07/11,Etheostoma olmstedi,2.666666667
17188,1994/07/11,Luxilus cornutus,80.66666667
17188,1994/07/11,Salmo trutta,0.666666667
17188,1994/07/11,Salvelinus fontinalis,17.33333333
17188,1994/07/11,Semotilus corporalis,67.33333333
17188,2010/06/29,Anguilla rostrata,5.454545455
17188,2010/06/29,Etheostoma olmstedi,1.818181818
17188,2010/06/29,Luxilus cornutus,9.090909091
17188,2010/06/29,Semotilus corporalis,9.090909091
17193,1991/06/17,Luxilus cornutus,4
17193,1991/06/17,Salvelinus fontinalis,15.33333333
17193,2015/06/22,Luxilus cornutus,0.769230769
17193,2015/06/22,Salvelinus fontinalis,9.230769231
17201,1993/07/13,Anguilla rostrata,2
17201,1993/07/13,Salvelinus fontinalis,17
17201,2013/08/15,Luxilus cornutus,17.27272727
17215,1993/06/15,Anguilla rostrata,20
17215,1993/06/15,Etheostoma olmstedi,10
17215,1993/06/15,Salvelinus fontinalis,25
17215,2016/07/01,Anguilla rostrata,3
17215,2016/07/01,Etheostoma olmstedi,4
17215,2016/07/01,Salvelinus fontinalis,13
17267,2009/06/26,Salvelinus fontinalis,10
17267,2010/07/16,Anguilla rostrata,0.8
17267,2010/07/16,Salvelinus fontinalis,36
17267,2012/07/13,Anguilla rostrata,10
17267,2012/07/13,Salvelinus fontinalis,26
17271,2012/06/08,Etheostoma olmstedi,0.694444444
17271,2012/06/08,Lepomis macrochirus,0.694444444
17271,2012/06/08,Luxilus cornutus,13.88888889
17271,2015/07/17,Etheostoma olmstedi,23
17271,2015/07/17,Lepomis macrochirus,1
17271,2015/07/17,Luxilus cornutus,72
17271,2015/07/17,Salvelinus fontinalis,13
17271,2015/07/17,Semotilus corporalis,34
17300,2010/06/02,Anguilla rostrata,1.851851852
17300,2010/06/02,Salvelinus fontinalis,37.03703704
17300,2012/06/29,Anguilla rostrata,4.8
17300,2012/06/29,Salvelinus fontinalis,32
17391,2011/06/09,Anguilla rostrata,15.23809524
17391,2011/06/09,Lepomis macrochirus,16.19047619
17391,2011/06/09,Micropterus dolomieu,0.952380952
17391,2011/06/09,Salmo trutta,43.80952381
17391,2011/06/09,Salvelinus fontinalis,12.38095238
17391,2012/06/01,Ambloplites rupestris,1.904761905
17391,2012/06/01,Anguilla rostrata,14.28571429
17391,2012/06/01,Lepomis macrochirus,1.904761905
17391,2012/06/01,Salmo trutta,47.61904762
17391,2012/06/01,Salvelinus fontinalis,16.19047619
17398,2015/06/15,Salmo trutta,1
17398,2015/06/15,Salvelinus fontinalis,41
17398,2016/06/23,Salmo trutta,9
17398,2016/06/23,Salvelinus fontinalis,99
17403,2014/08/26,Salvelinus fontinalis,16
17462,2006/09/18,Salvelinus fontinalis,10.71428571
17462,2009/07/30,Ameiurus natalis,2
17462,2009/07/30,Etheostoma olmstedi,16
17462,2014/08/20,Ameiurus natalis,0.936329588
17462,2014/08/20,Etheostoma olmstedi,23.4082397
17462,2014/08/20,Lepomis macrochirus,7.490636704
17462,2014/08/20,Luxilus cornutus,12.17228464
17462,2014/08/20,Salvelinus fontinalis,2.808988764
17462,2014/08/20,Semotilus corporalis,46.8164794
17796,2007/08/30,Anguilla rostrata,30
17796,2007/08/30,Etheostoma olmstedi,4
17796,2007/08/30,Salvelinus fontinalis,10
17796,2014/08/04,Anguilla rostrata,44.44444444
17796,2014/08/04,Etheostoma olmstedi,7.407407407
17796,2014/08/04,Luxilus cornutus,3.703703704
17796,2014/08/04,Salvelinus fontinalis,231.4814815
17816,2006/06/13,Salvelinus fontinalis,1.875
17816,2015/06/10,Salvelinus fontinalis,19
17850,2010/06/29,Salvelinus fontinalis,6.666666667
17850,2014/06/20,Salvelinus fontinalis,29.05982906
17850,2015/07/01,Salvelinus fontinalis,4.901960784
17852,2010/06/25,Salvelinus fontinalis,9.615384615
17852,2014/08/27,Salvelinus fontinalis,25.49019608
17852,2015/06/04,Salvelinus fontinalis,4
17917,2007/06/21,Salvelinus fontinalis,35
17917,2016/08/04,Anguilla rostrata,1.515151515
17917,2016/08/04,Salvelinus fontinalis,15.15151515
17936,2010/07/20,Anguilla rostrata,34
17936,2010/07/20,Salvelinus fontinalis,56
17936,2015/06/25,Anguilla rostrata,31.01265823
17936,2015/06/25,Lepomis macrochirus,1.898734177
17936,2015/06/25,Luxilus cornutus,3.164556962
17936,2015/06/25,Salvelinus fontinalis,8.860759494
17945,2006/07/25,Cottus cognatus,3
17945,2008/07/11,Cottus cognatus,5.555555556
17945,2008/07/11,Salvelinus fontinalis,22.22222222
17948,2006/07/25,Cottus cognatus,1.315789474
17948,2006/07/25,Salvelinus fontinalis,21.05263158
17948,2008/07/11,Cottus cognatus,3.488372093
17948,2008/07/11,Salvelinus fontinalis,15.11627907
17949,2006/07/25,Cottus cognatus,1.315789474
17949,2006/07/25,Salvelinus fontinalis,21.05263158
17949,2008/07/11,Cottus cognatus,3.488372093
17949,2008/07/11,Salvelinus fontinalis,15.11627907
17984,2012/07/24,Ameiurus nebulosus,2
17984,2012/07/24,Anguilla rostrata,6
17984,2012/07/24,Lepomis auritus,2
17984,2012/07/24,Lepomis macrochirus,22
17984,2012/07/24,Salvelinus fontinalis,54
17984,2012/07/24,Semotilus corporalis,6
18002,2010/06/21,Salvelinus fontinalis,58.33333333
18002,2013/06/17,Salvelinus fontinalis,9.561752988
18270,2010/06/21,Salvelinus fontinalis,21.33333333
18270,2012/06/26,Salvelinus fontinalis,2
18468,2013/07/19,Anguilla rostrata,38
18468,2013/07/19,Lepomis macrochirus,1
18468,2013/07/19,Salvelinus fontinalis,19
18468,2014/08/04,Anguilla rostrata,61.76470588
18468,2014/08/04,Etheostoma olmstedi,1.470588235
18468,2014/08/04,Salvelinus fontinalis,35.29411765
18590,2013/08/30,Salvelinus fontinalis,25
18590,2014/07/23,Salvelinus fontinalis,17
18625,2013/08/20,Salmo trutta,1.666666667
18625,2013/08/20,Salvelinus fontinalis,25
18625,2016/07/22,Lepomis macrochirus,0.99009901
18625,2016/07/22,Salvelinus fontinalis,117.8217822
18735,2013/07/24,Lepomis macrochirus,3
18735,2013/07/24,Luxilus cornutus,3
18735,2013/07/24,Salvelinus fontinalis,9
18735,2013/07/24,Semotilus corporalis,4
18735,2014/07/24,Lepomis macrochirus,1
18735,2014/07/24,Luxilus cornutus,1
18735,2014/07/24,Salvelinus fontinalis,21
18735,2015/07/22,Luxilus cornutus,5
18735,2015/07/22,Salvelinus fontinalis,18
18735,2016/07/27,Lepomis macrochirus,4
18735,2016/07/27,Luxilus cornutus,20
18735,2016/07/27,Salvelinus fontinalis,67
18736,2013/07/24,Luxilus cornutus,1
18736,2013/07/24,Salvelinus fontinalis,31
18736,2013/07/24,Semotilus corporalis,15
18736,2014/07/24,Lepomis macrochirus,1
18736,2014/07/24,Luxilus cornutus,1
18736,2014/07/24,Salvelinus fontinalis,23
18736,2015/07/22,Luxilus cornutus,1
18736,2015/07/22,Salvelinus fontinalis,21
18736,2016/07/26,Lepomis macrochirus,2
18736,2016/07/26,Luxilus cornutus,3
18736,2016/07/26,Salvelinus fontinalis,44
18782,2013/08/08,Anguilla rostrata,10
18782,2013/08/08,Salmo trutta,1
18782,2013/08/08,Salvelinus fontinalis,45
18782,2015/08/19,Anguilla rostrata,2
18782,2015/08/19,Salvelinus fontinalis,6
18791,2013/08/03,Anguilla rostrata,18
18791,2013/08/03,Salvelinus fontinalis,43
18791,2017/08/03,Anguilla rostrata,9.803921569
18791,2017/08/03,Lepomis macrochirus,3.921568627
18791,2017/08/03,Salvelinus fontinalis,19.60784314
19733,2016/08/17,Salmo trutta,14
19733,2016/08/17,Salvelinus fontinalis,6
19733,2017/08/23,Salmo trutta,3
19733,2017/08/23,Salvelinus fontinalis,16
